,0,1
0,2,http://www.520mylib.com/db/goEntrance?id=770&title=%E7%BB%8F%E6%B5%8E%E6%95%B0%E6%8D%AE%E5%BA%93
1,2,http://www.520mylib.com/db/goEntrance?id=721&title=%E7%BB%8F%E6%B5%8E%E6%95%B0%E6%8D%AE%E5%BA%93
2,2,http://www.520mylib.com/db/goEntrance?id=1644&title=%E7%BB%8F%E6%B5%8E%E6%95%B0%E6%8D%AE%E5%BA%93
3,2,http://www.520mylib.com/db/goEntrance?id=2146&title=%E7%BB%8F%E6%B5%8E%E6%95%B0%E6%8D%AE%E5%BA%93
4,2,http://www.520mylib.com/db/goEntrance?id=2147&title=%E7%BB%8F%E6%B5%8E%E6%95%B0%E6%8D%AE%E5%BA%93
5,2,http://www.520mylib.com/db/goEntrance?id=2152&title=%E7%BB%8F%E6%B5%8E%E6%95%B0%E6%8D%AE%E5%BA%93
6,2,http://www.520mylib.com/db/goEntrance?id=1354&title=%E7%BB%8F%E6%B5%8E%E6%95%B0%E6%8D%AE%E5%BA%93
7,2,http://www.520mylib.com/db/goEntrance?id=1645&title=%E7%BB%8F%E6%B5%8E%E6%95%B0%E6%8D%AE%E5%BA%93
8,2,http://www.520mylib.com/db/goEntrance?id=34&title=%E7%BB%8F%E6%B5%8E%E6%95%B0%E6%8D%AE%E5%BA%93
9,2,http://www.520mylib.com/db/goEntrance?id=33&title=%E7%BB%8F%E6%B5%8E%E6%95%B0%E6%8D%AE%E5%BA%93
10,2,http://www.520mylib.com/db/goEntrance?id=959&title=%E7%BB%8F%E6%B5%8E%E6%95%B0%E6%8D%AE%E5%BA%93
11,2,http://www.520mylib.com/db/goEntrance?id=1681&title=%E7%BB%8F%E6%B5%8E%E6%95%B0%E6%8D%AE%E5%BA%93
12,2,http://www.520mylib.com/db/goEntrance?id=1248&title=%E7%BB%8F%E6%B5%8E%E6%95%B0%E6%8D%AE%E5%BA%93
13,2,http://www.520mylib.com/db/goEntrance?id=1363&title=%E7%BB%8F%E6%B5%8E%E6%95%B0%E6%8D%AE%E5%BA%93
14,2,http://www.520mylib.com/db/goEntrance?id=1282&title=%E7%BB%8F%E6%B5%8E%E6%95%B0%E6%8D%AE%E5%BA%93
15,2,http://www.520mylib.com/db/goEntrance?id=464&title=%E7%BB%8F%E6%B5%8E%E6%95%B0%E6%8D%AE%E5%BA%93
16,2,http://www.520mylib.com/db/goEntrance?id=1105&title=%E7%BB%8F%E6%B5%8E%E6%95%B0%E6%8D%AE%E5%BA%93
17,2,http://www.520mylib.com/db/goEntrance?id=1184&title=%E7%BB%8F%E6%B5%8E%E6%95%B0%E6%8D%AE%E5%BA%93
18,2,http://www.520mylib.com/db/goEntrance?id=1121&title=%E7%BB%8F%E6%B5%8E%E6%95%B0%E6%8D%AE%E5%BA%93
19,2,http://www.520mylib.com/db/goEntrance?id=774&title=%E7%BB%8F%E6%B5%8E%E6%95%B0%E6%8D%AE%E5%BA%93
20,2,http://www.520mylib.com/db/goEntrance?id=640&title=%E7%BB%8F%E6%B5%8E%E6%95%B0%E6%8D%AE%E5%BA%93
21,2,http://www.520mylib.com/db/goEntrance?id=641&title=%E7%BB%8F%E6%B5%8E%E6%95%B0%E6%8D%AE%E5%BA%93
22,2,http://www.520mylib.com/db/goEntrance?id=642&title=%E7%BB%8F%E6%B5%8E%E6%95%B0%E6%8D%AE%E5%BA%93
23,2,http://www.520mylib.com/db/goEntrance?id=1464&title=%E7%BB%8F%E6%B5%8E%E6%95%B0%E6%8D%AE%E5%BA%93
24,2,http://www.520mylib.com/db/goEntrance?id=1364&title=%E7%BB%8F%E6%B5%8E%E6%95%B0%E6%8D%AE%E5%BA%93
25,2,http://www.520mylib.com/db/goEntrance?id=1365&title=%E7%BB%8F%E6%B5%8E%E6%95%B0%E6%8D%AE%E5%BA%93
26,2,http://www.520mylib.com/db/goEntrance?id=1366&title=%E7%BB%8F%E6%B5%8E%E6%95%B0%E6%8D%AE%E5%BA%93
27,2,http://www.520mylib.com/db/goEntrance?id=1367&title=%E7%BB%8F%E6%B5%8E%E6%95%B0%E6%8D%AE%E5%BA%93
28,2,http://www.520mylib.com/db/goEntrance?id=1368&title=%E7%BB%8F%E6%B5%8E%E6%95%B0%E6%8D%AE%E5%BA%93
29,2,http://www.520mylib.com/db/goEntrance?id=1369&title=%E7%BB%8F%E6%B5%8E%E6%95%B0%E6%8D%AE%E5%BA%93
