,now,08:00,08:30,09:00,09:30,10:00,10:30,11:00,11:30,12:00,12:30,13:00,13:30,14:00,14:30,15:00,15:30,16:00,16:30,17:00,17:30,18:00,18:30,19:00,19:30,20:00,20:30,21:00,21:30
2472,,,,,,,,,,,,,,,,,,,,,,,,,,,,,
2504,,,,,,,,,,,,,,,,,,,,,,,,,,,,,
2473,,,,,,,,,,,,,,,,,,,,,,,,,,,,,
2505,,,,,,,,,,,,,,,,,,,,,,,,,,,,,
2475,,,,,,,,,,,,,,,,,,,,,,,,,,,,,
2507,,,,,,,,,,,,,,,,,,,,,,,,,,,,,
2476,,,,,,,,,,,,,,,,,,,,,,,,,,,,,
2508,,,,,,,,,,,,,,,,,,,,,,,,,,,,,
2478,,,,,,,,,,,,,,,,,,,,,,,,,,,,,
2510,,,,,,,,,,,,,,,,,,,,,,,,,,,,,
2479,,,,,,,,,,,,,,,,,,,,,,,,,,,,,
2511,,,,,,,,,,,,,,,,,,,,,,,,,,,,,
2575,,,,,,,,,,,,,,,,,,,,,,,,,,,,,
2574,,,,,,,,,,,,,,,,,,,,,,,,,,,,,
2572,,,,,,,,,,,,,,,,,,,,,,,,,,,,,
2571,,,,,,,,,,,,,,,,,,,,,,,,,,,,,
2569,,,,,,,,,,,,,,,,,,,,,,,,,,,,,
3089,,,,,,,,,,,,,,,,,,,,,,,,,,,,,
2633,,,,,,,,,,,,,,,,,,,,,,,,,,,,,
2665,,,,,,,,,,,,,,,,,,,,,,,,,,,,,
2634,,,,,,,,,,,,,,,,,,,,,,,,,,,,,
2666,,,,,,,,,,,,,,,,,,,,,,,,,,,,,
2637,,,,,,,,,,,,,,,,,,,,,,,,,,,,,
2669,,,,,,,,,,,,,,,,,,,,,,,,,,,,,
2638,,,,,,,,,,,,,,,,,,,,,,,,,,,,,
2670,,,,,,,,,,,,,,,,,,,,,,,,,,,,,
2691,,,,,,,,,,,,,,,,,,,,,,,,,,,,,
2659,,,,,,,,,,,,,,,,,,,,,,,,,,,,,
2628,,,,,,,,,,,,,,,,,,,,,,,,,,,,,
2661,,,,,,,,,,,,,,,,,,,,,,,,,,,,,
2693,,,,,,,,,,,,,,,,,,,,,,,,,,,,,
2724,,,,,,,,,,,,,,,,,,,,,,,,,,,,,
2687,,,,,,,,,,,,,,,,,,,,,,,,,,,,,
2655,,,,,,,,,,,,,,,,,,,,,,,,,,,,,
2624,,,,,,,,,,,,,,,,,,,,,,,,,,,,,
2657,,,,,,,,,,,,,,,,,,,,,,,,,,,,,
2689,,,,,,,,,,,,,,,,,,,,,,,,,,,,,
2720,,,,,,,,,,,,,,,,,,,,,,,,,,,,,
2683,,,,,,,,,,,,,,,,,,,,,,,,,,,,,
2651,,,,,,,,,,,,,,,,,,,,,,,,,,,,,
2620,,,,,,,,,,,,,,,,,,,,,,,,,,,,,
2653,,,,,,,,,,,,,,,,,,,,,,,,,,,,,
2685,,,,,,,,,,,,,,,,,,,,,,,,,,,,,
2716,,,,,,,,,,,,,,,,,,,,,,,,,,,,,
2679,,,,,,,,,,,,,,,,,,,,,,,,,,,,,
2647,,,,,,,,,,,,,,,,,,,,,,,,,,,,,
2616,,,,,,,,,,,,,,,,,,,,,,,,,,,,,
2649,,,,,,,,,,,,,,,,,,,,,,,,,,,,,
2681,,,,,,,,,,,,,,,,,,,,,,,,,,,,,
2712,,,,,,,,,,,,,,,,,,,,,,,,,,,,,
2675,,,,,,,,,,,,,,,,,,,,,,,,,,,,,
2643,,,,,,,,,,,,,,,,,,,,,,,,,,,,,
2612,,,,,,,,,,,,,,,,,,,,,,,,,,,,,
2645,,,,,,,,,,,,,,,,,,,,,,,,,,,,,
2677,,,,,,,,,,,,,,,,,,,,,,,,,,,,,
2708,,,,,,,,,,,,,,,,,,,,,,,,,,,,,
2833,,,,,,,,,,,,,,,,,,,,,,,,,,,,,
2801,,,,,,,,,,,,,,,,,,,,,,,,,,,,,
2770,,,,,,,,,,,,,,,,,,,,,,,,,,,,,
2803,,,,,,,,,,,,,,,,,,,,,,,,,,,,,
2835,,,,,,,,,,,,,,,,,,,,,,,,,,,,,
2866,,,,,,,,,,,,,,,,,,,,,,,,,,,,,
2837,,,,,,,,,,,,,,,,,,,,,,,,,,,,,
2805,,,,,,,,,,,,,,,,,,,,,,,,,,,,,
3088,,,,,,,,,,,,,,,,,,,,,,,,,,,,,
2807,,,,,,,,,,,,,,,,,,,,,,,,,,,,,
2839,,,,,,,,,,,,,,,,,,,,,,,,,,,,,
2870,,,,,,,,,,,,,,,,,,,,,,,,,,,,,
2841,,,,,,,,,,,,,,,,,,,,,,,,,,,,,
2809,,,,,,,,,,,,,,,,,,,,,,,,,,,,,
2778,,,,,,,,,,,,,,,,,,,,,,,,,,,,,
2811,,,,,,,,,,,,,,,,,,,,,,,,,,,,,
2843,,,,,,,,,,,,,,,,,,,,,,,,,,,,,
2874,,,,,,,,,,,,,,,,,,,,,,,,,,,,,
2845,,,,,,,,,,,,,,,,,,,,,,,,,,,,,
2813,,,,,,,,,,,,,,,,,,,,,,,,,,,,,
2782,,,,,,,,,,,,,,,,,,,,,,,,,,,,,
2815,,,,,,,,,,,,,,,,,,,,,,,,,,,,,
2847,,,,,,,,,,,,,,,,,,,,,,,,,,,,,
2878,,,,,,,,,,,,,,,,,,,,,,,,,,,,,
2849,,,,,,,,,,,,,,,,,,,,,,,,,,,,,
2817,,,,,,,,,,,,,,,,,,,,,,,,,,,,,
2786,,,,,,,,,,,,,,,,,,,,,,,,,,,,,
2819,,,,,,,,,,,,,,,,,,,,,,,,,,,,,
2851,,,,,,,,,,,,,,,,,,,,,,,,,,,,,
2882,,,,,,,,,,,,,,,,,,,,,,,,,,,,,
2853,,,,,,,,,,,,,,,,,,,,,,,,,,,,,
2821,,,,,,,,,,,,,,,,,,,,,,,,,,,,,
2790,,,,,,,,,,,,,,,,,,,,,,,,,,,,,
2823,,,,,,,,,,,,,,,,,,,,,,,,,,,,,
2855,,,,,,,,,,,,,,,,,,,,,,,,,,,,,
2886,,,,,,,,,,,,,,,,,,,,,,,,,,,,,
2993,,,,,,,,,,,,,,,,,,,,,,,,,,,,,
2961,,,,,,,,,,,,,,,,,,,,,,,,,,,,,
2930,,,,,,,,,,,,,,,,,,,,,,,,,,,,,
2963,,,,,,,,,,,,,,,,,,,,,,,,,,,,,
2995,,,,,,,,,,,,,,,,,,,,,,,,,,,,,
3026,,,,,,,,,,,,,,,,,,,,,,,,,,,,,
3091,,,,,,,,,,,,,,,,,,,,,,,,,,,,,
3092,,,,,,,,,,,,,,,,,,,,,,,,,,,,,
3093,,,,,,,,,,,,,,,,,,,,,,,,,,,,,
3094,,,,,,,,,,,,,,,,,,,,,,,,,,,,,
3096,,,,,,,,,,,,,,,,,,,,,,,,,,,,,
3097,,,,,,,,,,,,,,,,,,,,,,,,,,,,,
3098,,,,,,,,,,,,,,,,,,,,,,,,,,,,,
3099,,,,,,,,,,,,,,,,,,,,,,,,,,,,,
3100,,,,,,,,,,,,,,,,,,,,,,,,,,,,,
3101,,,,,,,,,,,,,,,,,,,,,,,,,,,,,
3709,,,,,,,,,,,,,,,,,,,,,,,,,,,,,
3740,,,,,,,,,,,,,,,,,,,,,,,,,,,,,
3710,,,,,,,,,,,,,,,,,,,,,,,,,,,,,
3741,,,,,,,,,,,,,,,,,,,,,,,,,,,,,
3803,,,,,,,,,,,,,,,,,,,,,,,,,,,,,
3834,,,,,,,,,,,,,,,,,,,,,,,,,,,,,
3802,,,,,,,,,,,,,,,,,,,,,,,,,,,,,
4210,,,,,,,,,,,,,,,,,,,,,,,,,,,,,
3800,,,,,,,,,,,,,,,,,,,,,,,,,,,,,
3831,,,,,,,,,,,,,,,,,,,,,,,,,,,,,
3799,,,,,,,,,,,,,,,,,,,,,,,,,,,,,
3830,,,,,,,,,,,,,,,,,,,,,,,,,,,,,
3895,,,,,,,,,,,,,,,,,,,,,,,,,,,,,
4208,,,,,,,,,,,,,,,,,,,,,,,,,,,,,
3896,,,,,,,,,,,,,,,,,,,,,,,,,,,,,
4209,,,,,,,,,,,,,,,,,,,,,,,,,,,,,
3956,,,,,,,,,,,,,,,,,,,,,,,,,,,,,
3987,,,,,,,,,,,,,,,,,,,,,,,,,,,,,
4049,,,,,,,,,,,,,,,,,,,,,,,,,,,,,
4080,,,,,,,,,,,,,,,,,,,,,,,,,,,,,
4142,,,,,,,,,,,,,,,,,,,,,,,,,,,,,
9131,,,,,,,,,,,,,,,,,,,,,,,,,,,,,
4195,,,,,,,,,,,,,,,,,,,,,,,,,,,,,
4194,,,,,,,,,,,,,,,,,,,,,,,,,,,,,
4193,,,,,,,,,,,,,,,,,,,,,,,,,,,,,
4192,,,,,,,,,,,,,,,,,,,,,,,,,,,,,
4191,,,,,,,,,,,,,,,,,,,,,,,,,,,,,
4190,,,,,,,,,,,,,,,,,,,,,,,,,,,,,
4189,,,,,,,,,,,,,,,,,,,,,,,,,,,,,
4188,,,,,,,,,,,,,,,,,,,,,,,,,,,,,
4186,,,,,,,,,,,,,,,,,,,,,,,,,,,,,
4185,,,,,,,,,,,,,,,,,,,,,,,,,,,,,
4184,,,,,,,,,,,,,,,,,,,,,,,,,,,,,
4183,,,,,,,,,,,,,,,,,,,,,,,,,,,,,
3105,,,,,,,,,,,,,,,,,,,,,,,,,,,,,
3106,,,,,,,,,,,,,,,,,,,,,,,,,,,,,
3680,,,,,,,,,,,,,,,,,,,,,,,,,,,,,
3679,,,,,,,,,,,,,,,,,,,,,,,,,,,,,
3164,,,,,,,,,,,,,,,,,,,,,,,,,,,,,
3190,,,,,,,,,,,,,,,,,,,,,,,,,,,,,
3113,,,,,,,,,,,,,,,,,,,,,,,,,,,,,
3139,,,,,,,,,,,,,,,,,,,,,,,,,,,,,
4180,,,,,,,,,,,,,,,,,,,,,,,,,,,,,
4179,,,,,,,,,,,,,,,,,,,,,,,,,,,,,
9139,,,,,,,,,,,,,,,,,,,,,,,,,,,,,
4203,,,,,,,,,,,,,,,,,,,,,,,,,,,,,
9138,,,,,,,,,,,,,,,,,,,,,,,,,,,,,
4201,,,,,,,,,,,,,,,,,,,,,,,,,,,,,
9135,,,,,,,,,,,,,,,,,,,,,,,,,,,,,
4197,,,,,,,,,,,,,,,,,,,,,,,,,,,,,
9134,,,,,,,,,,,,,,,,,,,,,,,,,,,,,
4196,,,,,,,,,,,,,,,,,,,,,,,,,,,,,
9133,,,,,,,,,,,,,,,,,,,,,,,,,,,,,
9132,,,,,,,,,,,,,,,,,,,,,,,,,,,,,
9149,,,,,,,,,,,,,,,,,,,,,,,,,,,,,
9148,,,,,,,,,,,,,,,,,,,,,,,,,,,,,
9147,,,,,,,,,,,,,,,,,,,,,,,,,,,,,
9146,,,,,,,,,,,,,,,,,,,,,,,,,,,,,
9145,,,,,,,,,,,,,,,,,,,,,,,,,,,,,
9144,,,,,,,,,,,,,,,,,,,,,,,,,,,,,
3967,,,,,,,,,,,,,,,,,,,,,,,,,,,,,
9142,,,,,,,,,,,,,,,,,,,,,,,,,,,,,
3964,,,,,,,,,,,,,,,,,,,,,,,,,,,,,
9141,,,,,,,,,,,,,,,,,,,,,,,,,,,,,
3961,,,,,,,,,,,,,,,,,,,,,,,,,,,,,
9140,,,,,,,,,,,,,,,,,,,,,,,,,,,,,
9155,,,,,,,,,,,,,,,,,,,,,,,,,,,,,
9154,,,,,,,,,,,,,,,,,,,,,,,,,,,,,
9153,,,,,,,,,,,,,,,,,,,,,,,,,,,,,
9152,,,,,,,,,,,,,,,,,,,,,,,,,,,,,
9151,,,,,,,,,,,,,,,,,,,,,,,,,,,,,
9150,,,,,,,,,,,,,,,,,,,,,,,,,,,,,
3165,,,,,,,,,,,,,,,,,,,,,,,,,,,,,
3191,,,,,,,,,,,,,,,,,,,,,,,,,,,,,
3115,,,,,,,,,,,,,,,,,,,,,,,,,,,,,
3141,,,,,,,,,,,,,,,,,,,,,,,,,,,,,
3167,,,,,,,,,,,,,,,,,,,,,,,,,,,,,
3193,,,,,,,,,,,,,,,,,,,,,,,,,,,,,
3116,,,,,,,,,,,,,,,,,,,,,,,,,,,,,
3142,,,,,,,,,,,,,,,,,,,,,,,,,,,,,
3168,,,,,,,,,,,,,,,,,,,,,,,,,,,,,
3194,,,,,,,,,,,,,,,,,,,,,,,,,,,,,
3118,,,,,,,,,,,,,,,,,,,,,,,,,,,,,
3144,,,,,,,,,,,,,,,,,,,,,,,,,,,,,
3170,,,,,,,,,,,,,,,,,,,,,,,,,,,,,
3196,,,,,,,,,,,,,,,,,,,,,,,,,,,,,
3119,,,,,,,,,,,,,,,,,,,,,,,,,,,,,
3145,,,,,,,,,,,,,,,,,,,,,,,,,,,,,
3171,,,,,,,,,,,,,,,,,,,,,,,,,,,,,
3197,,,,,,,,,,,,,,,,,,,,,,,,,,,,,
3237,,,,,,,,,,,,,,,,,,,,,,,,,,,,,
3263,,,,,,,,,,,,,,,,,,,,,,,,,,,,,
3238,,,,,,,,,,,,,,,,,,,,,,,,,,,,,
3264,,,,,,,,,,,,,,,,,,,,,,,,,,,,,
3239,,,,,,,,,,,,,,,,,,,,,,,,,,,,,
3265,,,,,,,,,,,,,,,,,,,,,,,,,,,,,
3240,,,,,,,,,,,,,,,,,,,,,,,,,,,,,
3266,,,,,,,,,,,,,,,,,,,,,,,,,,,,,
3315,,,,,,,,,,,,,,,,,,,,,,,,,,,,,
3341,,,,,,,,,,,,,,,,,,,,,,,,,,,,,
3316,,,,,,,,,,,,,,,,,,,,,,,,,,,,,
3342,,,,,,,,,,,,,,,,,,,,,,,,,,,,,
3317,,,,,,,,,,,,,,,,,,,,,,,,,,,,,
3343,,,,,,,,,,,,,,,,,,,,,,,,,,,,,
3318,,,,,,,,,,,,,,,,,,,,,,,,,,,,,
3344,,,,,,,,,,,,,,,,,,,,,,,,,,,,,
3393,,,,,,,,,,,,,,,,,,,,,,,,,,,,,
3419,,,,,,,,,,,,,,,,,,,,,,,,,,,,,
3394,,,,,,,,,,,,,,,,,,,,,,,,,,,,,
3420,,,,,,,,,,,,,,,,,,,,,,,,,,,,,
3395,,,,,,,,,,,,,,,,,,,,,,,,,,,,,
3421,,,,,,,,,,,,,,,,,,,,,,,,,,,,,
3396,,,,,,,,,,,,,,,,,,,,,,,,,,,,,
3422,,,,,,,,,,,,,,,,,,,,,,,,,,,,,
3471,,,,,,,,,,,,,,,,,,,,,,,,,,,,,
3497,,,,,,,,,,,,,,,,,,,,,,,,,,,,,
3472,,,,,,,,,,,,,,,,,,,,,,,,,,,,,
3498,,,,,,,,,,,,,,,,,,,,,,,,,,,,,
3473,,,,,,,,,,,,,,,,,,,,,,,,,,,,,
3499,,,,,,,,,,,,,,,,,,,,,,,,,,,,,
3474,,,,,,,,,,,,,,,,,,,,,,,,,,,,,
3500,,,,,,,,,,,,,,,,,,,,,,,,,,,,,
3549,,,,,,,,,,,,,,,,,,,,,,,,,,,,,
3575,,,,,,,,,,,,,,,,,,,,,,,,,,,,,
3550,,,,,,,,,,,,,,,,,,,,,,,,,,,,,
3576,,,,,,,,,,,,,,,,,,,,,,,,,,,,,
3551,,,,,,,,,,,,,,,,,,,,,,,,,,,,,
3577,,,,,,,,,,,,,,,,,,,,,,,,,,,,,
3552,,,,,,,,,,,,,,,,,,,,,,,,,,,,,
3578,,,,,,,,,,,,,,,,,,,,,,,,,,,,,
3632,,,,,,,,,,,,,,,,,,,,,,,,,,,,,
3658,,,,,,,,,,,,,,,,,,,,,,,,,,,,,
3633,,,,,,,,,,,,,,,,,,,,,,,,,,,,,
3659,,,,,,,,,,,,,,,,,,,,,,,,,,,,,
3635,,,,,,,,,,,,,,,,,,,,,,,,,,,,,
3661,,,,,,,,,,,,,,,,,,,,,,,,,,,,,
3636,,,,,,,,,,,,,,,,,,,,,,,,,,,,,
3662,,,,,,,,,,,,,,,,,,,,,,,,,,,,,
3638,,,,,,,,,,,,,,,,,,,,,,,,,,,,,
3664,,,,,,,,,,,,,,,,,,,,,,,,,,,,,
3639,,,,,,,,,,,,,,,,,,,,,,,,,,,,,
3665,,,,,,,,,,,,,,,,,,,,,,,,,,,,,
3641,,,,,,,,,,,,,,,,,,,,,,,,,,,,,
3667,,,,,,,,,,,,,,,,,,,,,,,,,,,,,
5725,,,,,,,,,,,,,,,,,,,,,,,,,,,,,
5746,,,,,,,,,,,,,,,,,,,,,,,,,,,,,
5767,,,,,,,,,,,,,,,,,,,,,,,,,,,,,
5788,,,,,,,,,,,,,,,,,,,,,,,,,,,,,
5726,,,,,,,,,,,,,,,,,,,,,,,,,,,,,
5747,,,,,,,,,,,,,,,,,,,,,,,,,,,,,
5768,,,,,,,,,,,,,,,,,,,,,,,,,,,,,
5789,,,,,,,,,,,,,,,,,,,,,,,,,,,,,
5728,,,,,,,,,,,,,,,,,,,,,,,,,,,,,
5749,,,,,,,,,,,,,,,,,,,,,,,,,,,,,
5770,,,,,,,,,,,,,,,,,,,,,,,,,,,,,
5791,,,,,,,,,,,,,,,,,,,,,,,,,,,,,
5792,,,,,,,,,,,,,,,,,,,,,,,,,,,,,
5771,,,,,,,,,,,,,,,,,,,,,,,,,,,,,
5750,,,,,,,,,,,,,,,,,,,,,,,,,,,,,
5729,,,,,,,,,,,,,,,,,,,,,,,,,,,,,
5731,,,,,,,,,,,,,,,,,,,,,,,,,,,,,
5752,,,,,,,,,,,,,,,,,,,,,,,,,,,,,
5773,,,,,,,,,,,,,,,,,,,,,,,,,,,,,
5794,,,,,,,,,,,,,,,,,,,,,,,,,,,,,
5732,,,,,,,,,,,,,,,,,,,,,,,,,,,,,
5753,,,,,,,,,,,,,,,,,,,,,,,,,,,,,
3642,,,,,,,,,,,,,,,,,,,,,,,,,,,,,
3668,,,,,,,,,,,,,,,,,,,,,,,,,,,,,
3644,,,,,,,,,,,,,,,,,,,,,,,,,,,,,
3670,,,,,,,,,,,,,,,,,,,,,,,,,,,,,
3645,,,,,,,,,,,,,,,,,,,,,,,,,,,,,
3671,,,,,,,,,,,,,,,,,,,,,,,,,,,,,
3647,,,,,,,,,,,,,,,,,,,,,,,,,,,,,
3673,,,,,,,,,,,,,,,,,,,,,,,,,,,,,
3648,,,,,,,,,,,,,,,,,,,,,,,,,,,,,
3674,,,,,,,,,,,,,,,,,,,,,,,,,,,,,
3650,,,,,,,,,,,,,,,,,,,,,,,,,,,,,
3676,,,,,,,,,,,,,,,,,,,,,,,,,,,,,
3651,,,,,,,,,,,,,,,,,,,,,,,,,,,,,
3677,,,,,,,,,,,,,,,,,,,,,,,,,,,,,
5774,,,,,,,,,,,,,,,,,,,,,,,,,,,,,
5795,,,,,,,,,,,,,,,,,,,,,,,,,,,,,
5839,,,,,,,,,,,,,,,,,,,,,,,,,,,,,
5860,,,,,,,,,,,,,,,,,,,,,,,,,,,,,
5840,,,,,,,,,,,,,,,,,,,,,,,,,,,,,
5861,,,,,,,,,,,,,,,,,,,,,,,,,,,,,
5841,,,,,,,,,,,,,,,,,,,,,,,,,,,,,
5862,,,,,,,,,,,,,,,,,,,,,,,,,,,,,
5842,,,,,,,,,,,,,,,,,,,,,,,,,,,,,
5863,,,,,,,,,,,,,,,,,,,,,,,,,,,,,
5902,,,,,,,,,,,,,,,,,,,,,,,,,,,,,
5923,,,,,,,,,,,,,,,,,,,,,,,,,,,,,
5903,,,,,,,,,,,,,,,,,,,,,,,,,,,,,
5924,,,,,,,,,,,,,,,,,,,,,,,,,,,,,
5904,,,,,,,,,,,,,,,,,,,,,,,,,,,,,
5925,,,,,,,,,,,,,,,,,,,,,,,,,,,,,
5905,,,,,,,,,,,,,,,,,,,,,,,,,,,,,
5926,,,,,,,,,,,,,,,,,,,,,,,,,,,,,
5965,,,,,,,,,,,,,,,,,,,,,,,,,,,,,
5986,,,,,,,,,,,,,,,,,,,,,,,,,,,,,
5966,,,,,,,,,,,,,,,,,,,,,,,,,,,,,
5987,,,,,,,,,,,,,,,,,,,,,,,,,,,,,
5967,,,,,,,,,,,,,,,,,,,,,,,,,,,,,
5988,,,,,,,,,,,,,,,,,,,,,,,,,,,,,
5968,,,,,,,,,,,,,,,,,,,,,,,,,,,,,
5989,,,,,,,,,,,,,,,,,,,,,,,,,,,,,
6028,,,,,,,,,,,,,,,,,,,,,,,,,,,,,
6049,,,,,,,,,,,,,,,,,,,,,,,,,,,,,
6029,,,,,,,,,,,,,,,,,,,,,,,,,,,,,
6050,,,,,,,,,,,,,,,,,,,,,,,,,,,,,
6030,,,,,,,,,,,,,,,,,,,,,,,,,,,,,
6051,,,,,,,,,,,,,,,,,,,,,,,,,,,,,
6031,,,,,,,,,,,,,,,,,,,,,,,,,,,,,
6052,,,,,,,,,,,,,,,,,,,,,,,,,,,,,
6091,,,,,,,,,,,,,,,,,,,,,,,,,,,,,
6112,,,,,,,,,,,,,,,,,,,,,,,,,,,,,
4767,,,,,,,,,,,,,,,,,,,,,,,,,,,,,
5710,,,,,,,,,,,,,,,,,,,,,,,,,,,,,
6092,,,,,,,,,,,,,,,,,,,,,,,,,,,,,
6113,,,,,,,,,,,,,,,,,,,,,,,,,,,,,
6093,,,,,,,,,,,,,,,,,,,,,,,,,,,,,
6114,,,,,,,,,,,,,,,,,,,,,,,,,,,,,
6094,,,,,,,,,,,,,,,,,,,,,,,,,,,,,
6115,,,,,,,,,,,,,,,,,,,,,,,,,,,,,
8571,,,,,,,,,,,,,,,,,,,,,,,,,,,,,
8572,,,,,,,,,,,,,,,,,,,,,,,,,,,,,
6138,,,,,,,,,,,,,,,,,,,,,,,,,,,,,
6159,,,,,,,,,,,,,,,,,,,,,,,,,,,,,
6140,,,,,,,,,,,,,,,,,,,,,,,,,,,,,
6161,,,,,,,,,,,,,,,,,,,,,,,,,,,,,
6141,,,,,,,,,,,,,,,,,,,,,,,,,,,,,
6162,,,,,,,,,,,,,,,,,,,,,,,,,,,,,
6142,,,,,,,,,,,,,,,,,,,,,,,,,,,,,
6163,,,,,,,,,,,,,,,,,,,,,,,,,,,,,
6143,,,,,,,,,,,,,,,,,,,,,,,,,,,,,
6164,,,,,,,,,,,,,,,,,,,,,,,,,,,,,
6144,,,,,,,,,,,,,,,,,,,,,,,,,,,,,
6165,,,,,,,,,,,,,,,,,,,,,,,,,,,,,
6145,,,,,,,,,,,,,,,,,,,,,,,,,,,,,
6166,,,,,,,,,,,,,,,,,,,,,,,,,,,,,
6147,,,,,,,,,,,,,,,,,,,,,,,,,,,,,
6168,,,,,,,,,,,,,,,,,,,,,,,,,,,,,
6148,,,,,,,,,,,,,,,,,,,,,,,,,,,,,
6169,,,,,,,,,,,,,,,,,,,,,,,,,,,,,
6149,,,,,,,,,,,,,,,,,,,,,,,,,,,,,
6170,,,,,,,,,,,,,,,,,,,,,,,,,,,,,
6150,,,,,,,,,,,,,,,,,,,,,,,,,,,,,
6171,,,,,,,,,,,,,,,,,,,,,,,,,,,,,
6151,,,,,,,,,,,,,,,,,,,,,,,,,,,,,
6172,,,,,,,,,,,,,,,,,,,,,,,,,,,,,
6152,,,,,,,,,,,,,,,,,,,,,,,,,,,,,
6173,,,,,,,,,,,,,,,,,,,,,,,,,,,,,
4813,,,,,,,,,,,,,,,,,,,,,,,,,,,,,
4836,,,,,,,,,,,,,,,,,,,,,,,,,,,,,
4768,,,,,,,,,,,,,,,,,,,,,,,,,,,,,
4791,,,,,,,,,,,,,,,,,,,,,,,,,,,,,
4814,,,,,,,,,,,,,,,,,,,,,,,,,,,,,
4837,,,,,,,,,,,,,,,,,,,,,,,,,,,,,
4770,,,,,,,,,,,,,,,,,,,,,,,,,,,,,
5711,,,,,,,,,,,,,,,,,,,,,,,,,,,,,
4816,,,,,,,,,,,,,,,,,,,,,,,,,,,,,
5712,,,,,,,,,,,,,,,,,,,,,,,,,,,,,
4771,,,,,,,,,,,,,,,,,,,,,,,,,,,,,
4794,,,,,,,,,,,,,,,,,,,,,,,,,,,,,
4817,,,,,,,,,,,,,,,,,,,,,,,,,,,,,
4840,,,,,,,,,,,,,,,,,,,,,,,,,,,,,
5713,,,,,,,,,,,,,,,,,,,,,,,,,,,,,
4796,,,,,,,,,,,,,,,,,,,,,,,,,,,,,
4819,,,,,,,,,,,,,,,,,,,,,,,,,,,,,
4842,,,,,,,,,,,,,,,,,,,,,,,,,,,,,
4774,,,,,,,,,,,,,,,,,,,,,,,,,,,,,
4797,,,,,,,,,,,,,,,,,,,,,,,,,,,,,
4820,,,,,,,,,,,,,,,,,,,,,,,,,,,,,
5709,,,,,,,,,,,,,,,,,,,,,,,,,,,,,
4878,,,,,,,,,,,,,,,,,,,,,,,,,,,,,
4901,,,,,,,,,,,,,,,,,,,,,,,,,,,,,
4879,,,,,,,,,,,,,,,,,,,,,,,,,,,,,
4902,,,,,,,,,,,,,,,,,,,,,,,,,,,,,
4880,,,,,,,,,,,,,,,,,,,,,,,,,,,,,
4903,,,,,,,,,,,,,,,,,,,,,,,,,,,,,
4881,,,,,,,,,,,,,,,,,,,,,,,,,,,,,
4904,,,,,,,,,,,,,,,,,,,,,,,,,,,,,
4947,,,,,,,,,,,,,,,,,,,,,,,,,,,,,
4970,,,,,,,,,,,,,,,,,,,,,,,,,,,,,
4948,,,,,,,,,,,,,,,,,,,,,,,,,,,,,
4971,,,,,,,,,,,,,,,,,,,,,,,,,,,,,
4949,,,,,,,,,,,,,,,,,,,,,,,,,,,,,
4972,,,,,,,,,,,,,,,,,,,,,,,,,,,,,
4950,,,,,,,,,,,,,,,,,,,,,,,,,,,,,
4973,,,,,,,,,,,,,,,,,,,,,,,,,,,,,
5016,,,,,,,,,,,,,,,,,,,,,,,,,,,,,
5039,,,,,,,,,,,,,,,,,,,,,,,,,,,,,
5017,,,,,,,,,,,,,,,,,,,,,,,,,,,,,
5040,,,,,,,,,,,,,,,,,,,,,,,,,,,,,
5018,,,,,,,,,,,,,,,,,,,,,,,,,,,,,
5041,,,,,,,,,,,,,,,,,,,,,,,,,,,,,
5019,,,,,,,,,,,,,,,,,,,,,,,,,,,,,
5042,,,,,,,,,,,,,,,,,,,,,,,,,,,,,
5085,,,,,,,,,,,,,,,,,,,,,,,,,,,,,
5108,,,,,,,,,,,,,,,,,,,,,,,,,,,,,
5086,,,,,,,,,,,,,,,,,,,,,,,,,,,,,
5109,,,,,,,,,,,,,,,,,,,,,,,,,,,,,
5087,,,,,,,,,,,,,,,,,,,,,,,,,,,,,
5110,,,,,,,,,,,,,,,,,,,,,,,,,,,,,
5088,,,,,,,,,,,,,,,,,,,,,,,,,,,,,
5111,,,,,,,,,,,,,,,,,,,,,,,,,,,,,
5154,,,,,,,,,,,,,,,,,,,,,,,,,,,,,
5177,,,,,,,,,,,,,,,,,,,,,,,,,,,,,
5155,,,,,,,,,,,,,,,,,,,,,,,,,,,,,
5178,,,,,,,,,,,,,,,,,,,,,,,,,,,,,
5156,,,,,,,,,,,,,,,,,,,,,,,,,,,,,
5179,,,,,,,,,,,,,,,,,,,,,,,,,,,,,
5157,,,,,,,,,,,,,,,,,,,,,,,,,,,,,
5180,,,,,,,,,,,,,,,,,,,,,,,,,,,,,
5228,,,,,,,,,,,,,,,,,,,,,,,,,,,,,
5251,,,,,,,,,,,,,,,,,,,,,,,,,,,,,
5229,,,,,,,,,,,,,,,,,,,,,,,,,,,,,
5252,,,,,,,,,,,,,,,,,,,,,,,,,,,,,
5231,,,,,,,,,,,,,,,,,,,,,,,,,,,,,
5254,,,,,,,,,,,,,,,,,,,,,,,,,,,,,
5232,,,,,,,,,,,,,,,,,,,,,,,,,,,,,
5255,,,,,,,,,,,,,,,,,,,,,,,,,,,,,
5234,,,,,,,,,,,,,,,,,,,,,,,,,,,,,
5257,,,,,,,,,,,,,,,,,,,,,,,,,,,,,
7152,,,,,,,,,,,,,,,,,,,,,,,,,,,,,
7175,,,,,,,,,,,,,,,,,,,,,,,,,,,,,
7198,,,,,,,,,,,,,,,,,,,,,,,,,,,,,
7221,,,,,,,,,,,,,,,,,,,,,,,,,,,,,
7222,,,,,,,,,,,,,,,,,,,,,,,,,,,,,
7199,,,,,,,,,,,,,,,,,,,,,,,,,,,,,
7176,,,,,,,,,,,,,,,,,,,,,,,,,,,,,
7153,,,,,,,,,,,,,,,,,,,,,,,,,,,,,
7155,,,,,,,,,,,,,,,,,,,,,,,,,,,,,
7178,,,,,,,,,,,,,,,,,,,,,,,,,,,,,
7201,,,,,,,,,,,,,,,,,,,,,,,,,,,,,
7224,,,,,,,,,,,,,,,,,,,,,,,,,,,,,
7225,,,,,,,,,,,,,,,,,,,,,,,,,,,,,
7202,,,,,,,,,,,,,,,,,,,,,,,,,,,,,
7179,,,,,,,,,,,,,,,,,,,,,,,,,,,,,
7156,,,,,,,,,,,,,,,,,,,,,,,,,,,,,
7158,,,,,,,,,,,,,,,,,,,,,,,,,,,,,
7181,,,,,,,,,,,,,,,,,,,,,,,,,,,,,
7204,,,,,,,,,,,,,,,,,,,,,,,,,,,,,
7227,,,,,,,,,,,,,,,,,,,,,,,,,,,,,
7228,,,,,,,,,,,,,,,,,,,,,,,,,,,,,
7205,,,,,,,,,,,,,,,,,,,,,,,,,,,,,
5235,,,,,,,,,,,,,,,,,,,,,,,,,,,,,
5258,,,,,,,,,,,,,,,,,,,,,,,,,,,,,
5237,,,,,,,,,,,,,,,,,,,,,,,,,,,,,
5260,,,,,,,,,,,,,,,,,,,,,,,,,,,,,
5238,,,,,,,,,,,,,,,,,,,,,,,,,,,,,
5261,,,,,,,,,,,,,,,,,,,,,,,,,,,,,
5240,,,,,,,,,,,,,,,,,,,,,,,,,,,,,
5263,,,,,,,,,,,,,,,,,,,,,,,,,,,,,
5241,,,,,,,,,,,,,,,,,,,,,,,,,,,,,
5264,,,,,,,,,,,,,,,,,,,,,,,,,,,,,
5243,,,,,,,,,,,,,,,,,,,,,,,,,,,,,
5266,,,,,,,,,,,,,,,,,,,,,,,,,,,,,
5244,,,,,,,,,,,,,,,,,,,,,,,,,,,,,
5267,,,,,,,,,,,,,,,,,,,,,,,,,,,,,
7182,,,,,,,,,,,,,,,,,,,,,,,,,,,,,
7159,,,,,,,,,,,,,,,,,,,,,,,,,,,,,
7265,,,,,,,,,,,,,,,,,,,,,,,,,,,,,
7264,,,,,,,,,,,,,,,,,,,,,,,,,,,,,
7263,,,,,,,,,,,,,,,,,,,,,,,,,,,,,
7262,,,,,,,,,,,,,,,,,,,,,,,,,,,,,
7285,,,,,,,,,,,,,,,,,,,,,,,,,,,,,
7286,,,,,,,,,,,,,,,,,,,,,,,,,,,,,
7287,,,,,,,,,,,,,,,,,,,,,,,,,,,,,
7288,,,,,,,,,,,,,,,,,,,,,,,,,,,,,
7334,,,,,,,,,,,,,,,,,,,,,,,,,,,,,
7333,,,,,,,,,,,,,,,,,,,,,,,,,,,,,
7332,,,,,,,,,,,,,,,,,,,,,,,,,,,,,
7331,,,,,,,,,,,,,,,,,,,,,,,,,,,,,
7354,,,,,,,,,,,,,,,,,,,,,,,,,,,,,
7355,,,,,,,,,,,,,,,,,,,,,,,,,,,,,
7356,,,,,,,,,,,,,,,,,,,,,,,,,,,,,
7357,,,,,,,,,,,,,,,,,,,,,,,,,,,,,
7403,,,,,,,,,,,,,,,,,,,,,,,,,,,,,
7402,,,,,,,,,,,,,,,,,,,,,,,,,,,,,
7401,,,,,,,,,,,,,,,,,,,,,,,,,,,,,
7400,,,,,,,,,,,,,,,,,,,,,,,,,,,,,
7423,,,,,,,,,,,,,,,,,,,,,,,,,,,,,
7424,,,,,,,,,,,,,,,,,,,,,,,,,,,,,
7425,,,,,,,,,,,,,,,,,,,,,,,,,,,,,
7426,,,,,,,,,,,,,,,,,,,,,,,,,,,,,
7472,,,,,,,,,,,,,,,,,,,,,,,,,,,,,
7471,,,,,,,,,,,,,,,,,,,,,,,,,,,,,
7470,,,,,,,,,,,,,,,,,,,,,,,,,,,,,
7469,,,,,,,,,,,,,,,,,,,,,,,,,,,,,
7492,,,,,,,,,,,,,,,,,,,,,,,,,,,,,
7493,,,,,,,,,,,,,,,,,,,,,,,,,,,,,
7494,,,,,,,,,,,,,,,,,,,,,,,,,,,,,
7495,,,,,,,,,,,,,,,,,,,,,,,,,,,,,
7541,,,,,,,,,,,,,,,,,,,,,,,,,,,,,
7540,,,,,,,,,,,,,,,,,,,,,,,,,,,,,
6714,,,,,,,,,,,,,,,,,,,,,,,,,,,,,
6734,,,,,,,,,,,,,,,,,,,,,,,,,,,,,
6754,,,,,,,,,,,,,,,,,,,,,,,,,,,,,
6774,,,,,,,,,,,,,,,,,,,,,,,,,,,,,
6715,,,,,,,,,,,,,,,,,,,,,,,,,,,,,
6735,,,,,,,,,,,,,,,,,,,,,,,,,,,,,
7539,,,,,,,,,,,,,,,,,,,,,,,,,,,,,
7538,,,,,,,,,,,,,,,,,,,,,,,,,,,,,
7561,,,,,,,,,,,,,,,,,,,,,,,,,,,,,
7562,,,,,,,,,,,,,,,,,,,,,,,,,,,,,
7563,,,,,,,,,,,,,,,,,,,,,,,,,,,,,
7564,,,,,,,,,,,,,,,,,,,,,,,,,,,,,
7612,,,,,,,,,,,,,,,,,,,,,,,,,,,,,
7635,,,,,,,,,,,,,,,,,,,,,,,,,,,,,
7636,,,,,,,,,,,,,,,,,,,,,,,,,,,,,
7613,,,,,,,,,,,,,,,,,,,,,,,,,,,,,
7615,,,,,,,,,,,,,,,,,,,,,,,,,,,,,
7638,,,,,,,,,,,,,,,,,,,,,,,,,,,,,
7639,,,,,,,,,,,,,,,,,,,,,,,,,,,,,
7616,,,,,,,,,,,,,,,,,,,,,,,,,,,,,
7618,,,,,,,,,,,,,,,,,,,,,,,,,,,,,
7641,,,,,,,,,,,,,,,,,,,,,,,,,,,,,
7642,,,,,,,,,,,,,,,,,,,,,,,,,,,,,
7619,,,,,,,,,,,,,,,,,,,,,,,,,,,,,
7621,,,,,,,,,,,,,,,,,,,,,,,,,,,,,
7644,,,,,,,,,,,,,,,,,,,,,,,,,,,,,
7645,,,,,,,,,,,,,,,,,,,,,,,,,,,,,
7622,,,,,,,,,,,,,,,,,,,,,,,,,,,,,
7624,,,,,,,,,,,,,,,,,,,,,,,,,,,,,
7647,,,,,,,,,,,,,,,,,,,,,,,,,,,,,
7648,,,,,,,,,,,,,,,,,,,,,,,,,,,,,
7625,,,,,,,,,,,,,,,,,,,,,,,,,,,,,
7627,,,,,,,,,,,,,,,,,,,,,,,,,,,,,
7650,,,,,,,,,,,,,,,,,,,,,,,,,,,,,
7651,,,,,,,,,,,,,,,,,,,,,,,,,,,,,
7628,,,,,,,,,,,,,,,,,,,,,,,,,,,,,
6755,,,,,,,,,,,,,,,,,,,,,,,,,,,,,
6775,,,,,,,,,,,,,,,,,,,,,,,,,,,,,
6717,,,,,,,,,,,,,,,,,,,,,,,,,,,,,
6737,,,,,,,,,,,,,,,,,,,,,,,,,,,,,
6757,,,,,,,,,,,,,,,,,,,,,,,,,,,,,
6777,,,,,,,,,,,,,,,,,,,,,,,,,,,,,
6718,,,,,,,,,,,,,,,,,,,,,,,,,,,,,
6738,,,,,,,,,,,,,,,,,,,,,,,,,,,,,
6758,,,,,,,,,,,,,,,,,,,,,,,,,,,,,
7658,,,,,,,,,,,,,,,,,,,,,,,,,,,,,
6720,,,,,,,,,,,,,,,,,,,,,,,,,,,,,
6740,,,,,,,,,,,,,,,,,,,,,,,,,,,,,
6760,,,,,,,,,,,,,,,,,,,,,,,,,,,,,
7653,,,,,,,,,,,,,,,,,,,,,,,,,,,,,
6721,,,,,,,,,,,,,,,,,,,,,,,,,,,,,
6741,,,,,,,,,,,,,,,,,,,,,,,,,,,,,
6761,,,,,,,,,,,,,,,,,,,,,,,,,,,,,
7657,,,,,,,,,,,,,,,,,,,,,,,,,,,,,
6823,,,,,,,,,,,,,,,,,,,,,,,,,,,,,
6843,,,,,,,,,,,,,,,,,,,,,,,,,,,,,
6824,,,,,,,,,,,,,,,,,,,,,,,,,,,,,
6844,,,,,,,,,,,,,,,,,,,,,,,,,,,,,
6825,,,,,,,,,,,,,,,,,,,,,,,,,,,,,
6845,,,,,,,,,,,,,,,,,,,,,,,,,,,,,
6826,,,,,,,,,,,,,,,,,,,,,,,,,,,,,
6846,,,,,,,,,,,,,,,,,,,,,,,,,,,,,
6883,,,,,,,,,,,,,,,,,,,,,,,,,,,,,
6903,,,,,,,,,,,,,,,,,,,,,,,,,,,,,
6884,,,,,,,,,,,,,,,,,,,,,,,,,,,,,
6904,,,,,,,,,,,,,,,,,,,,,,,,,,,,,
6885,,,,,,,,,,,,,,,,,,,,,,,,,,,,,
6905,,,,,,,,,,,,,,,,,,,,,,,,,,,,,
6886,,,,,,,,,,,,,,,,,,,,,,,,,,,,,
6906,,,,,,,,,,,,,,,,,,,,,,,,,,,,,
6943,,,,,,,,,,,,,,,,,,,,,,,,,,,,,
6963,,,,,,,,,,,,,,,,,,,,,,,,,,,,,
6944,,,,,,,,,,,,,,,,,,,,,,,,,,,,,
6964,,,,,,,,,,,,,,,,,,,,,,,,,,,,,
6945,,,,,,,,,,,,,,,,,,,,,,,,,,,,,
6965,,,,,,,,,,,,,,,,,,,,,,,,,,,,,
6946,,,,,,,,,,,,,,,,,,,,,,,,,,,,,
6966,,,,,,,,,,,,,,,,,,,,,,,,,,,,,
7003,,,,,,,,,,,,,,,,,,,,,,,,,,,,,
7023,,,,,,,,,,,,,,,,,,,,,,,,,,,,,
7004,,,,,,,,,,,,,,,,,,,,,,,,,,,,,
7024,,,,,,,,,,,,,,,,,,,,,,,,,,,,,
7005,,,,,,,,,,,,,,,,,,,,,,,,,,,,,
7025,,,,,,,,,,,,,,,,,,,,,,,,,,,,,
7006,,,,,,,,,,,,,,,,,,,,,,,,,,,,,
7026,,,,,,,,,,,,,,,,,,,,,,,,,,,,,
7063,,,,,,,,,,,,,,,,,,,,,,,,,,,,,
7083,,,,,,,,,,,,,,,,,,,,,,,,,,,,,
7064,,,,,,,,,,,,,,,,,,,,,,,,,,,,,
7084,,,,,,,,,,,,,,,,,,,,,,,,,,,,,
7065,,,,,,,,,,,,,,,,,,,,,,,,,,,,,
7085,,,,,,,,,,,,,,,,,,,,,,,,,,,,,
7066,,,,,,,,,,,,,,,,,,,,,,,,,,,,,
7086,,,,,,,,,,,,,,,,,,,,,,,,,,,,,
7121,,,,,,,,,,,,,,,,,,,,,,,,,,,,,
7141,,,,,,,,,,,,,,,,,,,,,,,,,,,,,
7120,,,,,,,,,,,,,,,,,,,,,,,,,,,,,
7140,,,,,,,,,,,,,,,,,,,,,,,,,,,,,
7118,,,,,,,,,,,,,,,,,,,,,,,,,,,,,
7138,,,,,,,,,,,,,,,,,,,,,,,,,,,,,
7117,,,,,,,,,,,,,,,,,,,,,,,,,,,,,
7137,,,,,,,,,,,,,,,,,,,,,,,,,,,,,
7115,,,,,,,,,,,,,,,,,,,,,,,,,,,,,
7135,,,,,,,,,,,,,,,,,,,,,,,,,,,,,
7114,,,,,,,,,,,,,,,,,,,,,,,,,,,,,
7134,,,,,,,,,,,,,,,,,,,,,,,,,,,,,
7112,,,,,,,,,,,,,,,,,,,,,,,,,,,,,
7132,,,,,,,,,,,,,,,,,,,,,,,,,,,,,
7664,,,,,,,,,,,,,,,,,,,,,,,,,,,,,
7682,,,,,,,,,,,,,,,,,,,,,,,,,,,,,
7700,,,,,,,,,,,,,,,,,,,,,,,,,,,,,
7718,,,,,,,,,,,,,,,,,,,,,,,,,,,,,
7719,,,,,,,,,,,,,,,,,,,,,,,,,,,,,
7701,,,,,,,,,,,,,,,,,,,,,,,,,,,,,
7683,,,,,,,,,,,,,,,,,,,,,,,,,,,,,
7665,,,,,,,,,,,,,,,,,,,,,,,,,,,,,
7667,,,,,,,,,,,,,,,,,,,,,,,,,,,,,
7685,,,,,,,,,,,,,,,,,,,,,,,,,,,,,
7703,,,,,,,,,,,,,,,,,,,,,,,,,,,,,
7721,,,,,,,,,,,,,,,,,,,,,,,,,,,,,
7722,,,,,,,,,,,,,,,,,,,,,,,,,,,,,
7704,,,,,,,,,,,,,,,,,,,,,,,,,,,,,
7686,,,,,,,,,,,,,,,,,,,,,,,,,,,,,
7668,,,,,,,,,,,,,,,,,,,,,,,,,,,,,
7670,,,,,,,,,,,,,,,,,,,,,,,,,,,,,
7688,,,,,,,,,,,,,,,,,,,,,,,,,,,,,
7706,,,,,,,,,,,,,,,,,,,,,,,,,,,,,
7724,,,,,,,,,,,,,,,,,,,,,,,,,,,,,
7725,,,,,,,,,,,,,,,,,,,,,,,,,,,,,
8056,,,,,,,,,,,,,,,,,,,,,,,,,,,,,
7689,,,,,,,,,,,,,,,,,,,,,,,,,,,,,
7671,,,,,,,,,,,,,,,,,,,,,,,,,,,,,
7763,,,,,,,,,,,,,,,,,,,,,,,,,,,,,
7764,,,,,,,,,,,,,,,,,,,,,,,,,,,,,
7765,,,,,,,,,,,,,,,,,,,,,,,,,,,,,
8060,,,,,,,,,,,,,,,,,,,,,,,,,,,,,
7784,,,,,,,,,,,,,,,,,,,,,,,,,,,,,
7783,,,,,,,,,,,,,,,,,,,,,,,,,,,,,
7111,,,,,,,,,,,,,,,,,,,,,,,,,,,,,
7131,,,,,,,,,,,,,,,,,,,,,,,,,,,,,
7109,,,,,,,,,,,,,,,,,,,,,,,,,,,,,
7129,,,,,,,,,,,,,,,,,,,,,,,,,,,,,
7108,,,,,,,,,,,,,,,,,,,,,,,,,,,,,
7128,,,,,,,,,,,,,,,,,,,,,,,,,,,,,
7782,,,,,,,,,,,,,,,,,,,,,,,,,,,,,
7781,,,,,,,,,,,,,,,,,,,,,,,,,,,,,
7817,,,,,,,,,,,,,,,,,,,,,,,,,,,,,
7818,,,,,,,,,,,,,,,,,,,,,,,,,,,,,
7819,,,,,,,,,,,,,,,,,,,,,,,,,,,,,
8061,,,,,,,,,,,,,,,,,,,,,,,,,,,,,
7838,,,,,,,,,,,,,,,,,,,,,,,,,,,,,
7837,,,,,,,,,,,,,,,,,,,,,,,,,,,,,
7836,,,,,,,,,,,,,,,,,,,,,,,,,,,,,
7835,,,,,,,,,,,,,,,,,,,,,,,,,,,,,
7871,,,,,,,,,,,,,,,,,,,,,,,,,,,,,
7872,,,,,,,,,,,,,,,,,,,,,,,,,,,,,
7873,,,,,,,,,,,,,,,,,,,,,,,,,,,,,
8062,,,,,,,,,,,,,,,,,,,,,,,,,,,,,
7892,,,,,,,,,,,,,,,,,,,,,,,,,,,,,
7891,,,,,,,,,,,,,,,,,,,,,,,,,,,,,
7890,,,,,,,,,,,,,,,,,,,,,,,,,,,,,
7889,,,,,,,,,,,,,,,,,,,,,,,,,,,,,
7925,,,,,,,,,,,,,,,,,,,,,,,,,,,,,
7926,,,,,,,,,,,,,,,,,,,,,,,,,,,,,
7927,,,,,,,,,,,,,,,,,,,,,,,,,,,,,
8063,,,,,,,,,,,,,,,,,,,,,,,,,,,,,
7946,,,,,,,,,,,,,,,,,,,,,,,,,,,,,
7945,,,,,,,,,,,,,,,,,,,,,,,,,,,,,
7944,,,,,,,,,,,,,,,,,,,,,,,,,,,,,
7943,,,,,,,,,,,,,,,,,,,,,,,,,,,,,
7979,,,,,,,,,,,,,,,,,,,,,,,,,,,,,
7980,,,,,,,,,,,,,,,,,,,,,,,,,,,,,
7981,,,,,,,,,,,,,,,,,,,,,,,,,,,,,
8064,,,,,,,,,,,,,,,,,,,,,,,,,,,,,
8055,,,,,,,,,,,,,,,,,,,,,,,,,,,,,
7999,,,,,,,,,,,,,,,,,,,,,,,,,,,,,
7998,,,,,,,,,,,,,,,,,,,,,,,,,,,,,
7997,,,,,,,,,,,,,,,,,,,,,,,,,,,,,
8030,,,,,,,,,,,,,,,,,,,,,,,,,,,,,
8048,,,,,,,,,,,,,,,,,,,,,,,,,,,,,
9512,,,,,,,,,,,,,,,,,,,,,,,,,,,,,
9510,,,,,,,,,,,,,,,,,,,,,,,,,,,,,
8988,,,,,,,,,,,,,,,,,,,,,,,,,,,,,
8948,,,,,,,,,,,,,,,,,,,,,,,,,,,,,
9513,,,,,,,,,,,,,,,,,,,,,,,,,,,,,
9511,,,,,,,,,,,,,,,,,,,,,,,,,,,,,
8989,,,,,,,,,,,,,,,,,,,,,,,,,,,,,
8949,,,,,,,,,,,,,,,,,,,,,,,,,,,,,
9545,,,,,,,,,,,,,,,,,,,,,,,,,,,,,
9543,,,,,,,,,,,,,,,,,,,,,,,,,,,,,
9521,,,,,,,,,,,,,,,,,,,,,,,,,,,,,
9520,,,,,,,,,,,,,,,,,,,,,,,,,,,,,
9519,,,,,,,,,,,,,,,,,,,,,,,,,,,,,
9518,,,,,,,,,,,,,,,,,,,,,,,,,,,,,
9546,,,,,,,,,,,,,,,,,,,,,,,,,,,,,
9544,,,,,,,,,,,,,,,,,,,,,,,,,,,,,
8708,,,,,,,,,,,,,,,,,,,,,,,,,,,,,
8668,,,,,,,,,,,,,,,,,,,,,,,,,,,,,
8628,,,,,,,,,,,,,,,,,,,,,,,,,,,,,
8588,,,,,,,,,,,,,,,,,,,,,,,,,,,,,
9516,,,,,,,,,,,,,,,,,,,,,,,,,,,,,
9514,,,,,,,,,,,,,,,,,,,,,,,,,,,,,
8047,,,,,,,,,,,,,,,,,,,,,,,,,,,,,
8029,,,,,,,,,,,,,,,,,,,,,,,,,,,,,
8027,,,,,,,,,,,,,,,,,,,,,,,,,,,,,
8045,,,,,,,,,,,,,,,,,,,,,,,,,,,,,
8044,,,,,,,,,,,,,,,,,,,,,,,,,,,,,
8026,,,,,,,,,,,,,,,,,,,,,,,,,,,,,
8024,,,,,,,,,,,,,,,,,,,,,,,,,,,,,
8042,,,,,,,,,,,,,,,,,,,,,,,,,,,,,
8041,,,,,,,,,,,,,,,,,,,,,,,,,,,,,
8023,,,,,,,,,,,,,,,,,,,,,,,,,,,,,
8021,,,,,,,,,,,,,,,,,,,,,,,,,,,,,
8039,,,,,,,,,,,,,,,,,,,,,,,,,,,,,
8038,,,,,,,,,,,,,,,,,,,,,,,,,,,,,
8020,,,,,,,,,,,,,,,,,,,,,,,,,,,,,
8991,,,,,,,,,,,,,,,,,,,,,,,,,,,,,
8951,,,,,,,,,,,,,,,,,,,,,,,,,,,,,
9517,,,,,,,,,,,,,,,,,,,,,,,,,,,,,
9515,,,,,,,,,,,,,,,,,,,,,,,,,,,,,
8992,,,,,,,,,,,,,,,,,,,,,,,,,,,,,
8952,,,,,,,,,,,,,,,,,,,,,,,,,,,,,
9549,,,,,,,,,,,,,,,,,,,,,,,,,,,,,
9547,,,,,,,,,,,,,,,,,,,,,,,,,,,,,
9525,,,,,,,,,,,,,,,,,,,,,,,,,,,,,
9524,,,,,,,,,,,,,,,,,,,,,,,,,,,,,
9523,,,,,,,,,,,,,,,,,,,,,,,,,,,,,
9522,,,,,,,,,,,,,,,,,,,,,,,,,,,,,
9550,,,,,,,,,,,,,,,,,,,,,,,,,,,,,
9548,,,,,,,,,,,,,,,,,,,,,,,,,,,,,
8711,,,,,,,,,,,,,,,,,,,,,,,,,,,,,
8671,,,,,,,,,,,,,,,,,,,,,,,,,,,,,
8631,,,,,,,,,,,,,,,,,,,,,,,,,,,,,
8591,,,,,,,,,,,,,,,,,,,,,,,,,,,,,
9526,,,,,,,,,,,,,,,,,,,,,,,,,,,,,
9528,,,,,,,,,,,,,,,,,,,,,,,,,,,,,
9530,,,,,,,,,,,,,,,,,,,,,,,,,,,,,
9532,,,,,,,,,,,,,,,,,,,,,,,,,,,,,
9527,,,,,,,,,,,,,,,,,,,,,,,,,,,,,
9529,,,,,,,,,,,,,,,,,,,,,,,,,,,,,
9531,,,,,,,,,,,,,,,,,,,,,,,,,,,,,
9533,,,,,,,,,,,,,,,,,,,,,,,,,,,,,
8596,,,,,,,,,,,,,,,,,,,,,,,,,,,,,
8636,,,,,,,,,,,,,,,,,,,,,,,,,,,,,
8676,,,,,,,,,,,,,,,,,,,,,,,,,,,,,
8716,,,,,,,,,,,,,,,,,,,,,,,,,,,,,
8756,,,,,,,,,,,,,,,,,,,,,,,,,,,,,
8796,,,,,,,,,,,,,,,,,,,,,,,,,,,,,
9107,,,,,,,,,,,,,,,,,,,,,,,,,,,,,
8637,,,,,,,,,,,,,,,,,,,,,,,,,,,,,
8677,,,,,,,,,,,,,,,,,,,,,,,,,,,,,
8717,,,,,,,,,,,,,,,,,,,,,,,,,,,,,
9108,,,,,,,,,,,,,,,,,,,,,,,,,,,,,
8797,,,,,,,,,,,,,,,,,,,,,,,,,,,,,
8599,,,,,,,,,,,,,,,,,,,,,,,,,,,,,
8639,,,,,,,,,,,,,,,,,,,,,,,,,,,,,
8679,,,,,,,,,,,,,,,,,,,,,,,,,,,,,
8719,,,,,,,,,,,,,,,,,,,,,,,,,,,,,
8759,,,,,,,,,,,,,,,,,,,,,,,,,,,,,
8799,,,,,,,,,,,,,,,,,,,,,,,,,,,,,
8600,,,,,,,,,,,,,,,,,,,,,,,,,,,,,
8640,,,,,,,,,,,,,,,,,,,,,,,,,,,,,
8680,,,,,,,,,,,,,,,,,,,,,,,,,,,,,
8720,,,,,,,,,,,,,,,,,,,,,,,,,,,,,
8760,,,,,,,,,,,,,,,,,,,,,,,,,,,,,
9109,,,,,,,,,,,,,,,,,,,,,,,,,,,,,
8602,,,,,,,,,,,,,,,,,,,,,,,,,,,,,
8642,,,,,,,,,,,,,,,,,,,,,,,,,,,,,
8682,,,,,,,,,,,,,,,,,,,,,,,,,,,,,
8722,,,,,,,,,,,,,,,,,,,,,,,,,,,,,
8762,,,,,,,,,,,,,,,,,,,,,,,,,,,,,
8802,,,,,,,,,,,,,,,,,,,,,,,,,,,,,
8603,,,,,,,,,,,,,,,,,,,,,,,,,,,,,
8643,,,,,,,,,,,,,,,,,,,,,,,,,,,,,
8683,,,,,,,,,,,,,,,,,,,,,,,,,,,,,
8723,,,,,,,,,,,,,,,,,,,,,,,,,,,,,
8763,,,,,,,,,,,,,,,,,,,,,,,,,,,,,
8803,,,,,,,,,,,,,,,,,,,,,,,,,,,,,
8605,,,,,,,,,,,,,,,,,,,,,,,,,,,,,
8645,,,,,,,,,,,,,,,,,,,,,,,,,,,,,
8685,,,,,,,,,,,,,,,,,,,,,,,,,,,,,
8725,,,,,,,,,,,,,,,,,,,,,,,,,,,,,
8765,,,,,,,,,,,,,,,,,,,,,,,,,,,,,
8805,,,,,,,,,,,,,,,,,,,,,,,,,,,,,
8606,,,,,,,,,,,,,,,,,,,,,,,,,,,,,
8646,,,,,,,,,,,,,,,,,,,,,,,,,,,,,
8686,,,,,,,,,,,,,,,,,,,,,,,,,,,,,
8726,,,,,,,,,,,,,,,,,,,,,,,,,,,,,
8766,,,,,,,,,,,,,,,,,,,,,,,,,,,,,
9110,,,,,,,,,,,,,,,,,,,,,,,,,,,,,
8608,,,,,,,,,,,,,,,,,,,,,,,,,,,,,
8648,,,,,,,,,,,,,,,,,,,,,,,,,,,,,
8688,,,,,,,,,,,,,,,,,,,,,,,,,,,,,
8728,,,,,,,,,,,,,,,,,,,,,,,,,,,,,
8768,,,,,,,,,,,,,,,,,,,,,,,,,,,,,
8808,,,,,,,,,,,,,,,,,,,,,,,,,,,,,
8609,,,,,,,,,,,,,,,,,,,,,,,,,,,,,
8649,,,,,,,,,,,,,,,,,,,,,,,,,,,,,
8689,,,,,,,,,,,,,,,,,,,,,,,,,,,,,
8729,,,,,,,,,,,,,,,,,,,,,,,,,,,,,
8769,,,,,,,,,,,,,,,,,,,,,,,,,,,,,
9111,,,,,,,,,,,,,,,,,,,,,,,,,,,,,
8611,,,,,,,,,,,,,,,,,,,,,,,,,,,,,
8651,,,,,,,,,,,,,,,,,,,,,,,,,,,,,
8691,,,,,,,,,,,,,,,,,,,,,,,,,,,,,
8731,,,,,,,,,,,,,,,,,,,,,,,,,,,,,
8771,,,,,,,,,,,,,,,,,,,,,,,,,,,,,
8811,,,,,,,,,,,,,,,,,,,,,,,,,,,,,
8612,,,,,,,,,,,,,,,,,,,,,,,,,,,,,
8652,,,,,,,,,,,,,,,,,,,,,,,,,,,,,
8692,,,,,,,,,,,,,,,,,,,,,,,,,,,,,
8732,,,,,,,,,,,,,,,,,,,,,,,,,,,,,
8772,,,,,,,,,,,,,,,,,,,,,,,,,,,,,
8812,,,,,,,,,,,,,,,,,,,,,,,,,,,,,
8614,,,,,,,,,,,,,,,,,,,,,,,,,,,,,
8654,,,,,,,,,,,,,,,,,,,,,,,,,,,,,
8694,,,,,,,,,,,,,,,,,,,,,,,,,,,,,
8734,,,,,,,,,,,,,,,,,,,,,,,,,,,,,
8774,,,,,,,,,,,,,,,,,,,,,,,,,,,,,
8814,,,,,,,,,,,,,,,,,,,,,,,,,,,,,
8615,,,,,,,,,,,,,,,,,,,,,,,,,,,,,
8655,,,,,,,,,,,,,,,,,,,,,,,,,,,,,
8695,,,,,,,,,,,,,,,,,,,,,,,,,,,,,
8735,,,,,,,,,,,,,,,,,,,,,,,,,,,,,
8775,,,,,,,,,,,,,,,,,,,,,,,,,,,,,
9112,,,,,,,,,,,,,,,,,,,,,,,,,,,,,
8617,,,,,,,,,,,,,,,,,,,,,,,,,,,,,
8657,,,,,,,,,,,,,,,,,,,,,,,,,,,,,
8697,,,,,,,,,,,,,,,,,,,,,,,,,,,,,
8737,,,,,,,,,,,,,,,,,,,,,,,,,,,,,
8777,,,,,,,,,,,,,,,,,,,,,,,,,,,,,
8817,,,,,,,,,,,,,,,,,,,,,,,,,,,,,
8618,,,,,,,,,,,,,,,,,,,,,,,,,,,,,
8658,,,,,,,,,,,,,,,,,,,,,,,,,,,,,
8698,,,,,,,,,,,,,,,,,,,,,,,,,,,,,
8738,,,,,,,,,,,,,,,,,,,,,,,,,,,,,
8778,,,,,,,,,,,,,,,,,,,,,,,,,,,,,
9113,,,,,,,,,,,,,,,,,,,,,,,,,,,,,
8620,,,,,,,,,,,,,,,,,,,,,,,,,,,,,
8660,,,,,,,,,,,,,,,,,,,,,,,,,,,,,
8700,,,,,,,,,,,,,,,,,,,,,,,,,,,,,
8740,,,,,,,,,,,,,,,,,,,,,,,,,,,,,
8780,,,,,,,,,,,,,,,,,,,,,,,,,,,,,
8820,,,,,,,,,,,,,,,,,,,,,,,,,,,,,
8621,,,,,,,,,,,,,,,,,,,,,,,,,,,,,
9114,,,,,,,,,,,,,,,,,,,,,,,,,,,,,
8701,,,,,,,,,,,,,,,,,,,,,,,,,,,,,
9534,,,,,,,,,,,,,,,,,,,,,,,,,,,,,
9116,,,,,,,,,,,,,,,,,,,,,,,,,,,,,
9117,,,,,,,,,,,,,,,,,,,,,,,,,,,,,
9122,,,,,,,,,,,,,,,,,,,,,,,,,,,,,
9123,,,,,,,,,,,,,,,,,,,,,,,,,,,,,
8664,,,,,,,,,,,,,,,,,,,,,,,,,,,,,
9121,,,,,,,,,,,,,,,,,,,,,,,,,,,,,
9119,,,,,,,,,,,,,,,,,,,,,,,,,,,,,
9120,,,,,,,,,,,,,,,,,,,,,,,,,,,,,
9118,,,,,,,,,,,,,,,,,,,,,,,,,,,,,
8706,,,,,,,,,,,,,,,,,,,,,,,,,,,,,
9537,,,,,,,,,,,,,,,,,,,,,,,,,,,,,
9538,,,,,,,,,,,,,,,,,,,,,,,,,,,,,
9156,,,,,,,,,,,,,,,,,,,,,,,,,,,,,
9157,,,,,,,,,,,,,,,,,,,,,,,,,,,,,
9158,,,,,,,,,,,,,,,,,,,,,,,,,,,,,
9159,,,,,,,,,,,,,,,,,,,,,,,,,,,,,
9160,,,,,,,,,,,,,,,,,,,,,,,,,,,,,
9170,,,,,,,,,,,,,,,,,,,,,,,,,,,,,
9171,,,,,,,,,,,,,,,,,,,,,,,,,,,,,
9172,,,,,,,,,,,,,,,,,,,,,,,,,,,,,
9173,,,,,,,,,,,,,,,,,,,,,,,,,,,,,
9174,,,,,,,,,,,,,,,,,,,,,,,,,,,,,
9163,,,,,,,,,,,,,,,,,,,,,,,,,,,,,
9164,,,,,,,,,,,,,,,,,,,,,,,,,,,,,
9165,,,,,,,,,,,,,,,,,,,,,,,,,,,,,
9166,,,,,,,,,,,,,,,,,,,,,,,,,,,,,
9536,,,,,,,,,,,,,,,,,,,,,,,,,,,,,
9535,,,,,,,,,,,,,,,,,,,,,,,,,,,,,
8903,,,,,,,,,,,,,,,,,,,,,,,,,,,,,
8943,,,,,,,,,,,,,,,,,,,,,,,,,,,,,
8904,,,,,,,,,,,,,,,,,,,,,,,,,,,,,
8944,,,,,,,,,,,,,,,,,,,,,,,,,,,,,
8905,,,,,,,,,,,,,,,,,,,,,,,,,,,,,
8945,,,,,,,,,,,,,,,,,,,,,,,,,,,,,
8906,,,,,,,,,,,,,,,,,,,,,,,,,,,,,
8946,,,,,,,,,,,,,,,,,,,,,,,,,,,,,
9541,,,,,,,,,,,,,,,,,,,,,,,,,,,,,
9542,,,,,,,,,,,,,,,,,,,,,,,,,,,,,
9539,,,,,,,,,,,,,,,,,,,,,,,,,,,,,
9540,,,,,,,,,,,,,,,,,,,,,,,,,,,,,
9130,,,,,,,,,,,,,,,,,,,,,,,,,,,,,
9063,,,,,,,,,,,,,,,,,,,,,,,,,,,,,
9024,,,,,,,,,,,,,,,,,,,,,,,,,,,,,
9064,,,,,,,,,,,,,,,,,,,,,,,,,,,,,
9025,,,,,,,,,,,,,,,,,,,,,,,,,,,,,
9065,,,,,,,,,,,,,,,,,,,,,,,,,,,,,
9026,,,,,,,,,,,,,,,,,,,,,,,,,,,,,
9066,,,,,,,,,,,,,,,,,,,,,,,,,,,,,
9209,,,,,,,,,,,,,,,,,,,,,,,,,,,,,
9183,,,,,,,,,,,,,,,,,,,,,,,,,,,,,
9225,,,,,,,,,,,,,,,,,,,,,,,,,,,,,
9184,,,,,,,,,,,,,,,,,,,,,,,,,,,,,
9185,,,,,,,,,,,,,,,,,,,,,,,,,,,,,
9211,,,,,,,,,,,,,,,,,,,,,,,,,,,,,
9186,,,,,,,,,,,,,,,,,,,,,,,,,,,,,
9284,,,,,,,,,,,,,,,,,,,,,,,,,,,,,
9233,,,,,,,,,,,,,,,,,,,,,,,,,,,,,
9187,,,,,,,,,,,,,,,,,,,,,,,,,,,,,
9219,,,,,,,,,,,,,,,,,,,,,,,,,,,,,
9195,,,,,,,,,,,,,,,,,,,,,,,,,,,,,
9273,,,,,,,,,,,,,,,,,,,,,,,,,,,,,
9196,,,,,,,,,,,,,,,,,,,,,,,,,,,,,
9259,,,,,,,,,,,,,,,,,,,,,,,,,,,,,
9197,,,,,,,,,,,,,,,,,,,,,,,,,,,,,
9198,,,,,,,,,,,,,,,,,,,,,,,,,,,,,
9275,,,,,,,,,,,,,,,,,,,,,,,,,,,,,
9281,,,,,,,,,,,,,,,,,,,,,,,,,,,,,
9208,,,,,,,,,,,,,,,,,,,,,,,,,,,,,
9190,,,,,,,,,,,,,,,,,,,,,,,,,,,,,
9191,,,,,,,,,,,,,,,,,,,,,,,,,,,,,
9192,,,,,,,,,,,,,,,,,,,,,,,,,,,,,
9193,,,,,,,,,,,,,,,,,,,,,,,,,,,,,
9194,,,,,,,,,,,,,,,,,,,,,,,,,,,,,
9167,,,,,,,,,,,,,,,,,,,,,,,,,,,,,
9202,,,,,,,,,,,,,,,,,,,,,,,,,,,,,
9177,,,,,,,,,,,,,,,,,,,,,,,,,,,,,
9203,,,,,,,,,,,,,,,,,,,,,,,,,,,,,
9178,,,,,,,,,,,,,,,,,,,,,,,,,,,,,
9179,,,,,,,,,,,,,,,,,,,,,,,,,,,,,
9204,,,,,,,,,,,,,,,,,,,,,,,,,,,,,
9180,,,,,,,,,,,,,,,,,,,,,,,,,,,,,
9205,,,,,,,,,,,,,,,,,,,,,,,,,,,,,
9181,,,,,,,,,,,,,,,,,,,,,,,,,,,,,
9206,,,,,,,,,,,,,,,,,,,,,,,,,,,,,
9394,,,,,,,,,,,,,,,,,,,,,,,,,,,,,
9388,,,,,,,,,,,,,,,,,,,,,,,,,,,,,
9396,,,,,,,,,,,,,,,,,,,,,,,,,,,,,
9390,,,,,,,,,,,,,,,,,,,,,,,,,,,,,
9506,,,,,,,,,,,,,,,,,,,,,,,,,,,,,
9392,,,,,,,,,,,,,,,,,,,,,,,,,,,,,
9400,,,,,,,,,,,,,,,,,,,,,,,,,,,,,
9421,,,,,,,,,,,,,,,,,,,,,,,,,,,,,
9413,,,,,,,,,,,,,,,,,,,,,,,,,,,,,
9419,,,,,,,,,,,,,,,,,,,,,,,,,,,,,
9411,,,,,,,,,,,,,,,,,,,,,,,,,,,,,
9267,,,,,,,,,,,,,,,,,,,,,,,,,,,,,
9283,,,,,,,,,,,,,,,,,,,,,,,,,,,,,
9417,,,,,,,,,,,,,,,,,,,,,,,,,,,,,
9409,,,,,,,,,,,,,,,,,,,,,,,,,,,,,
9415,,,,,,,,,,,,,,,,,,,,,,,,,,,,,
9436,,,,,,,,,,,,,,,,,,,,,,,,,,,,,
9430,,,,,,,,,,,,,,,,,,,,,,,,,,,,,
9438,,,,,,,,,,,,,,,,,,,,,,,,,,,,,
9432,,,,,,,,,,,,,,,,,,,,,,,,,,,,,
9440,,,,,,,,,,,,,,,,,,,,,,,,,,,,,
9434,,,,,,,,,,,,,,,,,,,,,,,,,,,,,
9442,,,,,,,,,,,,,,,,,,,,,,,,,,,,,
9463,,,,,,,,,,,,,,,,,,,,,,,,,,,,,
9507,,,,,,,,,,,,,,,,,,,,,,,,,,,,,
9461,,,,,,,,,,,,,,,,,,,,,,,,,,,,,
9453,,,,,,,,,,,,,,,,,,,,,,,,,,,,,
9459,,,,,,,,,,,,,,,,,,,,,,,,,,,,,
9451,,,,,,,,,,,,,,,,,,,,,,,,,,,,,
9457,,,,,,,,,,,,,,,,,,,,,,,,,,,,,
9478,,,,,,,,,,,,,,,,,,,,,,,,,,,,,
9472,,,,,,,,,,,,,,,,,,,,,,,,,,,,,
9480,,,,,,,,,,,,,,,,,,,,,,,,,,,,,
9509,,,,,,,,,,,,,,,,,,,,,,,,,,,,,
9482,,,,,,,,,,,,,,,,,,,,,,,,,,,,,
9508,,,,,,,,,,,,,,,,,,,,,,,,,,,,,
9484,,,,,,,,,,,,,,,,,,,,,,,,,,,,,
9505,,,,,,,,,,,,,,,,,,,,,,,,,,,,,
9497,,,,,,,,,,,,,,,,,,,,,,,,,,,,,
9503,,,,,,,,,,,,,,,,,,,,,,,,,,,,,
9495,,,,,,,,,,,,,,,,,,,,,,,,,,,,,
9501,,,,,,,,,,,,,,,,,,,,,,,,,,,,,
9493,,,,,,,,,,,,,,,,,,,,,,,,,,,,,
9499,,,,,,,,,,,,,,,,,,,,,,,,,,,,,
