,id,class,title,seatNumber,area
0,seat_2472,[free],座位空闲,001,一楼3C创客空间
1,seat_2504,[free],座位空闲,002,一楼3C创客空间
2,seat_2473,[free],座位空闲,003,一楼3C创客空间
3,seat_2505,[free],座位空闲,004,一楼3C创客空间
4,seat_2475,[free],座位空闲,005,一楼3C创客空间
5,seat_2507,[free],座位空闲,006,一楼3C创客空间
6,seat_2476,[free],座位空闲,007,一楼3C创客空间
7,seat_2508,[free],座位空闲,008,一楼3C创客空间
8,seat_2478,[free],座位空闲,009,一楼3C创客空间
9,seat_2510,[free],座位空闲,010,一楼3C创客空间
10,seat_2479,[free],座位空闲,011,一楼3C创客空间
11,seat_2511,[free],座位空闲,012,一楼3C创客空间
12,seat_2575,[free],座位空闲,013,一楼3C创客空间
13,seat_2574,[free],座位空闲,014,一楼3C创客空间
14,seat_2572,[free],座位空闲,015,一楼3C创客空间
15,seat_2571,[free],座位空闲,016,一楼3C创客空间
16,seat_2569,[free],座位空闲,017,一楼3C创客空间
17,seat_3089,[free],座位空闲,018,一楼3C创客空间
18,seat_2633,[free],座位空闲,019,一楼3C创客空间
19,seat_2665,[free],座位空闲,020,一楼3C创客空间
20,seat_2634,[free],座位空闲,021,一楼3C创客空间
21,seat_2666,[free],座位空闲,022,一楼3C创客空间
22,seat_2637,[free],座位空闲,023,一楼3C创客空间
23,seat_2669,[free],座位空闲,024,一楼3C创客空间
24,seat_2638,[free],座位空闲,025,一楼3C创客空间
25,seat_2670,[free],座位空闲,026,一楼3C创客空间
26,seat_2691,[free],座位空闲,027,一楼3C创客空间
27,seat_2659,[free],座位空闲,028,一楼3C创客空间
28,seat_2628,[free],座位空闲,029,一楼3C创客空间
29,seat_2661,[free],座位空闲,030,一楼3C创客空间
30,seat_2693,[free],座位空闲,031,一楼3C创客空间
31,seat_2724,[free],座位空闲,032,一楼3C创客空间
32,seat_2687,[free],座位空闲,033,一楼3C创客空间
33,seat_2655,[free],座位空闲,034,一楼3C创客空间
34,seat_2624,[free],座位空闲,035,一楼3C创客空间
35,seat_2657,[free],座位空闲,036,一楼3C创客空间
36,seat_2689,[free],座位空闲,037,一楼3C创客空间
37,seat_2720,[free],座位空闲,038,一楼3C创客空间
38,seat_2683,[free],座位空闲,039,一楼3C创客空间
39,seat_2651,[free],座位空闲,040,一楼3C创客空间
40,seat_2620,[free],座位空闲,041,一楼3C创客空间
41,seat_2653,[free],座位空闲,042,一楼3C创客空间
42,seat_2685,[free],座位空闲,043,一楼3C创客空间
43,seat_2716,[free],座位空闲,044,一楼3C创客空间
44,seat_2679,[free],座位空闲,045,一楼3C创客空间
45,seat_2647,[free],座位空闲,046,一楼3C创客空间
46,seat_2616,[free],座位空闲,047,一楼3C创客空间
47,seat_2649,[free],座位空闲,048,一楼3C创客空间
48,seat_2681,[free],座位空闲,049,一楼3C创客空间
49,seat_2712,[free],座位空闲,050,一楼3C创客空间
50,seat_2675,[free],座位空闲,051,一楼3C创客空间
51,seat_2643,[free],座位空闲,052,一楼3C创客空间
52,seat_2612,[free],座位空闲,053,一楼3C创客空间
53,seat_2645,[free],座位空闲,054,一楼3C创客空间
54,seat_2677,[free],座位空闲,055,一楼3C创客空间
55,seat_2708,[free],座位空闲,056,一楼3C创客空间
56,seat_2833,[free],座位空闲,057,一楼3C创客空间
57,seat_2801,[free],座位空闲,058,一楼3C创客空间
58,seat_2770,[free],座位空闲,059,一楼3C创客空间
59,seat_2803,[free],座位空闲,060,一楼3C创客空间
60,seat_2835,[free],座位空闲,061,一楼3C创客空间
61,seat_2866,[free],座位空闲,062,一楼3C创客空间
62,seat_2837,[free],座位空闲,063,一楼3C创客空间
63,seat_2805,[free],座位空闲,064,一楼3C创客空间
64,seat_3088,[free],座位空闲,065,一楼3C创客空间
65,seat_2807,[free],座位空闲,066,一楼3C创客空间
66,seat_2839,[free],座位空闲,067,一楼3C创客空间
67,seat_2870,[free],座位空闲,068,一楼3C创客空间
68,seat_2841,[free],座位空闲,069,一楼3C创客空间
69,seat_2809,[free],座位空闲,070,一楼3C创客空间
70,seat_2778,[free],座位空闲,071,一楼3C创客空间
71,seat_2811,[free],座位空闲,072,一楼3C创客空间
72,seat_2843,[free],座位空闲,073,一楼3C创客空间
73,seat_2874,[free],座位空闲,074,一楼3C创客空间
74,seat_2845,[free],座位空闲,075,一楼3C创客空间
75,seat_2813,[free],座位空闲,076,一楼3C创客空间
76,seat_2782,[free],座位空闲,077,一楼3C创客空间
77,seat_2815,[free],座位空闲,078,一楼3C创客空间
78,seat_2847,[free],座位空闲,079,一楼3C创客空间
79,seat_2878,[free],座位空闲,080,一楼3C创客空间
80,seat_2849,[free],座位空闲,081,一楼3C创客空间
81,seat_2817,[free],座位空闲,082,一楼3C创客空间
82,seat_2786,[free],座位空闲,083,一楼3C创客空间
83,seat_2819,[free],座位空闲,084,一楼3C创客空间
84,seat_2851,[free],座位空闲,085,一楼3C创客空间
85,seat_2882,[free],座位空闲,086,一楼3C创客空间
86,seat_2853,[free],座位空闲,087,一楼3C创客空间
87,seat_2821,[free],座位空闲,088,一楼3C创客空间
88,seat_2790,[free],座位空闲,089,一楼3C创客空间
89,seat_2823,[free],座位空闲,090,一楼3C创客空间
90,seat_2855,[free],座位空闲,091,一楼3C创客空间
91,seat_2886,[free],座位空闲,092,一楼3C创客空间
92,seat_2993,[free],座位空闲,093,一楼3C创客空间
93,seat_2961,[free],座位空闲,094,一楼3C创客空间
94,seat_2930,[free],座位空闲,095,一楼3C创客空间
95,seat_2963,[free],座位空闲,096,一楼3C创客空间
96,seat_2995,[free],座位空闲,097,一楼3C创客空间
97,seat_3026,[free],座位空闲,098,一楼3C创客空间
98,seat_3091,[free],座位空闲,099,一楼3C创客空间
99,seat_3092,[free],座位空闲,100,一楼3C创客空间
100,seat_3093,[free],座位空闲,101,一楼3C创客空间
101,seat_3094,[free],座位空闲,102,一楼3C创客空间
102,seat_3096,[free],座位空闲,103,一楼3C创客空间
103,seat_3097,[free],座位空闲,104,一楼3C创客空间
104,seat_3098,[free],座位空闲,105,一楼3C创客空间
105,seat_3099,[free],座位空闲,106,一楼3C创客空间
106,seat_3100,[free],座位空闲,107,一楼3C创客空间
107,seat_3101,[free],座位空闲,108,一楼3C创客空间
108,seat_3709,[free],座位空闲,001,一楼创新学习讨论区
109,seat_3740,[free],座位空闲,002,一楼创新学习讨论区
110,seat_3710,[free],座位空闲,003,一楼创新学习讨论区
111,seat_3741,[free],座位空闲,004,一楼创新学习讨论区
112,seat_3803,[free],座位空闲,005,一楼创新学习讨论区
113,seat_3834,[free],座位空闲,006,一楼创新学习讨论区
114,seat_3802,[free],座位空闲,007,一楼创新学习讨论区
115,seat_4210,[free],座位空闲,008,一楼创新学习讨论区
116,seat_3800,[free],座位空闲,009,一楼创新学习讨论区
117,seat_3831,[free],座位空闲,010,一楼创新学习讨论区
118,seat_3799,[free],座位空闲,011,一楼创新学习讨论区
119,seat_3830,[free],座位空闲,012,一楼创新学习讨论区
120,seat_3895,[free],座位空闲,013,一楼创新学习讨论区
121,seat_4208,[free],座位空闲,014,一楼创新学习讨论区
122,seat_3896,[free],座位空闲,015,一楼创新学习讨论区
123,seat_4209,[free],座位空闲,016,一楼创新学习讨论区
124,seat_3956,[free],座位空闲,017,一楼创新学习讨论区
125,seat_3987,[free],座位空闲,018,一楼创新学习讨论区
126,seat_4049,[free],座位空闲,019,一楼创新学习讨论区
127,seat_4080,[free],座位空闲,020,一楼创新学习讨论区
128,seat_4142,[free],座位空闲,021,一楼创新学习讨论区
129,seat_9131,[free],座位空闲,022,一楼创新学习讨论区
130,seat_4195,[free],座位空闲,023,一楼创新学习讨论区
131,seat_4194,[free],座位空闲,024,一楼创新学习讨论区
132,seat_4193,[free],座位空闲,025,一楼创新学习讨论区
133,seat_4192,[free],座位空闲,026,一楼创新学习讨论区
134,seat_4191,[free],座位空闲,027,一楼创新学习讨论区
135,seat_4190,[free],座位空闲,028,一楼创新学习讨论区
136,seat_4189,[free],座位空闲,029,一楼创新学习讨论区
137,seat_4188,[free],座位空闲,030,一楼创新学习讨论区
138,seat_4186,[free],座位空闲,031,一楼创新学习讨论区
139,seat_4185,[free],座位空闲,032,一楼创新学习讨论区
140,seat_4184,[free],座位空闲,033,一楼创新学习讨论区
141,seat_4183,[free],座位空闲,034,一楼创新学习讨论区
142,seat_3105,[free],座位空闲,109,一楼3C创客空间
143,seat_3106,[free],座位空闲,110,一楼3C创客空间
144,seat_3680,[free],座位空闲,001,二楼自然科学图书借阅
145,seat_3679,[free],座位空闲,002,二楼自然科学图书借阅
146,seat_3164,[free],座位空闲,003,二楼自然科学图书借阅
147,seat_3190,[free],座位空闲,004,二楼自然科学图书借阅
148,seat_3113,[free],座位空闲,005,二楼自然科学图书借阅
149,seat_3139,[free],座位空闲,006,二楼自然科学图书借阅
150,seat_4180,[free],座位空闲,035,一楼创新学习讨论区
151,seat_4179,[free],座位空闲,036,一楼创新学习讨论区
152,seat_9139,[free],座位空闲,037,一楼创新学习讨论区
153,seat_4203,[free],座位空闲,038,一楼创新学习讨论区
154,seat_9138,[free],座位空闲,039,一楼创新学习讨论区
155,seat_4201,[free],座位空闲,040,一楼创新学习讨论区
156,seat_9135,[free],座位空闲,041,一楼创新学习讨论区
157,seat_4197,[free],座位空闲,042,一楼创新学习讨论区
158,seat_9134,[free],座位空闲,043,一楼创新学习讨论区
159,seat_4196,[free],座位空闲,044,一楼创新学习讨论区
160,seat_9133,[free],座位空闲,045,一楼创新学习讨论区
161,seat_9132,[free],座位空闲,046,一楼创新学习讨论区
162,seat_9149,[free],座位空闲,047,一楼创新学习讨论区
163,seat_9148,[free],座位空闲,048,一楼创新学习讨论区
164,seat_9147,[free],座位空闲,049,一楼创新学习讨论区
165,seat_9146,[free],座位空闲,050,一楼创新学习讨论区
166,seat_9145,[free],座位空闲,051,一楼创新学习讨论区
167,seat_9144,[free],座位空闲,052,一楼创新学习讨论区
168,seat_3967,[free],座位空闲,053,一楼创新学习讨论区
169,seat_9142,[free],座位空闲,054,一楼创新学习讨论区
170,seat_3964,[free],座位空闲,055,一楼创新学习讨论区
171,seat_9141,[free],座位空闲,056,一楼创新学习讨论区
172,seat_3961,[free],座位空闲,057,一楼创新学习讨论区
173,seat_9140,[free],座位空闲,058,一楼创新学习讨论区
174,seat_9155,[free],座位空闲,059,一楼创新学习讨论区
175,seat_9154,[free],座位空闲,060,一楼创新学习讨论区
176,seat_9153,[free],座位空闲,061,一楼创新学习讨论区
177,seat_9152,[free],座位空闲,062,一楼创新学习讨论区
178,seat_9151,[free],座位空闲,063,一楼创新学习讨论区
179,seat_9150,[free],座位空闲,064,一楼创新学习讨论区
180,seat_3165,[free],座位空闲,007,二楼自然科学图书借阅
181,seat_3191,[free],座位空闲,008,二楼自然科学图书借阅
182,seat_3115,[free],座位空闲,009,二楼自然科学图书借阅
183,seat_3141,[free],座位空闲,010,二楼自然科学图书借阅
184,seat_3167,[free],座位空闲,011,二楼自然科学图书借阅
185,seat_3193,[free],座位空闲,012,二楼自然科学图书借阅
186,seat_3116,[free],座位空闲,013,二楼自然科学图书借阅
187,seat_3142,[free],座位空闲,014,二楼自然科学图书借阅
188,seat_3168,[free],座位空闲,015,二楼自然科学图书借阅
189,seat_3194,[free],座位空闲,016,二楼自然科学图书借阅
190,seat_3118,[free],座位空闲,017,二楼自然科学图书借阅
191,seat_3144,[free],座位空闲,018,二楼自然科学图书借阅
192,seat_3170,[free],座位空闲,019,二楼自然科学图书借阅
193,seat_3196,[free],座位空闲,020,二楼自然科学图书借阅
194,seat_3119,[free],座位空闲,021,二楼自然科学图书借阅
195,seat_3145,[free],座位空闲,022,二楼自然科学图书借阅
196,seat_3171,[free],座位空闲,023,二楼自然科学图书借阅
197,seat_3197,[free],座位空闲,024,二楼自然科学图书借阅
198,seat_3237,[free],座位空闲,025,二楼自然科学图书借阅
199,seat_3263,[free],座位空闲,026,二楼自然科学图书借阅
200,seat_3238,[free],座位空闲,027,二楼自然科学图书借阅
201,seat_3264,[free],座位空闲,028,二楼自然科学图书借阅
202,seat_3239,[free],座位空闲,029,二楼自然科学图书借阅
203,seat_3265,[free],座位空闲,030,二楼自然科学图书借阅
204,seat_3240,[free],座位空闲,031,二楼自然科学图书借阅
205,seat_3266,[free],座位空闲,032,二楼自然科学图书借阅
206,seat_3315,[free],座位空闲,033,二楼自然科学图书借阅
207,seat_3341,[free],座位空闲,034,二楼自然科学图书借阅
208,seat_3316,[free],座位空闲,035,二楼自然科学图书借阅
209,seat_3342,[free],座位空闲,036,二楼自然科学图书借阅
210,seat_3317,[free],座位空闲,037,二楼自然科学图书借阅
211,seat_3343,[free],座位空闲,038,二楼自然科学图书借阅
212,seat_3318,[free],座位空闲,039,二楼自然科学图书借阅
213,seat_3344,[free],座位空闲,040,二楼自然科学图书借阅
214,seat_3393,[free],座位空闲,041,二楼自然科学图书借阅
215,seat_3419,[free],座位空闲,042,二楼自然科学图书借阅
216,seat_3394,[free],座位空闲,043,二楼自然科学图书借阅
217,seat_3420,[free],座位空闲,044,二楼自然科学图书借阅
218,seat_3395,[free],座位空闲,045,二楼自然科学图书借阅
219,seat_3421,[free],座位空闲,046,二楼自然科学图书借阅
220,seat_3396,[free],座位空闲,047,二楼自然科学图书借阅
221,seat_3422,[free],座位空闲,048,二楼自然科学图书借阅
222,seat_3471,[free],座位空闲,049,二楼自然科学图书借阅
223,seat_3497,[free],座位空闲,050,二楼自然科学图书借阅
224,seat_3472,[free],座位空闲,051,二楼自然科学图书借阅
225,seat_3498,[free],座位空闲,052,二楼自然科学图书借阅
226,seat_3473,[free],座位空闲,053,二楼自然科学图书借阅
227,seat_3499,[free],座位空闲,054,二楼自然科学图书借阅
228,seat_3474,[free],座位空闲,055,二楼自然科学图书借阅
229,seat_3500,[free],座位空闲,056,二楼自然科学图书借阅
230,seat_3549,[free],座位空闲,057,二楼自然科学图书借阅
231,seat_3575,[free],座位空闲,058,二楼自然科学图书借阅
232,seat_3550,[free],座位空闲,059,二楼自然科学图书借阅
233,seat_3576,[free],座位空闲,060,二楼自然科学图书借阅
234,seat_3551,[free],座位空闲,061,二楼自然科学图书借阅
235,seat_3577,[free],座位空闲,062,二楼自然科学图书借阅
236,seat_3552,[free],座位空闲,063,二楼自然科学图书借阅
237,seat_3578,[free],座位空闲,064,二楼自然科学图书借阅
238,seat_3632,[free],座位空闲,065,二楼自然科学图书借阅
239,seat_3658,[free],座位空闲,066,二楼自然科学图书借阅
240,seat_3633,[free],座位空闲,067,二楼自然科学图书借阅
241,seat_3659,[free],座位空闲,068,二楼自然科学图书借阅
242,seat_3635,[free],座位空闲,069,二楼自然科学图书借阅
243,seat_3661,[free],座位空闲,070,二楼自然科学图书借阅
244,seat_3636,[free],座位空闲,071,二楼自然科学图书借阅
245,seat_3662,[free],座位空闲,072,二楼自然科学图书借阅
246,seat_3638,[free],座位空闲,073,二楼自然科学图书借阅
247,seat_3664,[free],座位空闲,074,二楼自然科学图书借阅
248,seat_3639,[free],座位空闲,075,二楼自然科学图书借阅
249,seat_3665,[free],座位空闲,076,二楼自然科学图书借阅
250,seat_3641,[free],座位空闲,077,二楼自然科学图书借阅
251,seat_3667,[free],座位空闲,078,二楼自然科学图书借阅
252,seat_5725,[free],座位空闲,001,二楼自然科学图书借阅
253,seat_5746,[free],座位空闲,002,二楼自然科学图书借阅
254,seat_5767,[free],座位空闲,003,二楼自然科学图书借阅
255,seat_5788,[free],座位空闲,004,二楼自然科学图书借阅
256,seat_5726,[free],座位空闲,005,二楼自然科学图书借阅
257,seat_5747,[free],座位空闲,006,二楼自然科学图书借阅
258,seat_5768,[free],座位空闲,007,二楼自然科学图书借阅
259,seat_5789,[free],座位空闲,008,二楼自然科学图书借阅
260,seat_5728,[free],座位空闲,009,二楼自然科学图书借阅
261,seat_5749,[free],座位空闲,010,二楼自然科学图书借阅
262,seat_5770,[free],座位空闲,011,二楼自然科学图书借阅
263,seat_5791,[free],座位空闲,012,二楼自然科学图书借阅
264,seat_5792,[free],座位空闲,013,二楼自然科学图书借阅
265,seat_5771,[free],座位空闲,014,二楼自然科学图书借阅
266,seat_5750,[free],座位空闲,015,二楼自然科学图书借阅
267,seat_5729,[free],座位空闲,016,二楼自然科学图书借阅
268,seat_5731,[free],座位空闲,017,二楼自然科学图书借阅
269,seat_5752,[free],座位空闲,018,二楼自然科学图书借阅
270,seat_5773,[free],座位空闲,019,二楼自然科学图书借阅
271,seat_5794,[free],座位空闲,020,二楼自然科学图书借阅
272,seat_5732,[free],座位空闲,021,二楼自然科学图书借阅
273,seat_5753,[free],座位空闲,022,二楼自然科学图书借阅
274,seat_3642,[free],座位空闲,079,二楼自然科学图书借阅
275,seat_3668,[free],座位空闲,080,二楼自然科学图书借阅
276,seat_3644,[free],座位空闲,081,二楼自然科学图书借阅
277,seat_3670,[free],座位空闲,082,二楼自然科学图书借阅
278,seat_3645,[free],座位空闲,083,二楼自然科学图书借阅
279,seat_3671,[free],座位空闲,084,二楼自然科学图书借阅
280,seat_3647,[free],座位空闲,085,二楼自然科学图书借阅
281,seat_3673,[free],座位空闲,086,二楼自然科学图书借阅
282,seat_3648,[free],座位空闲,087,二楼自然科学图书借阅
283,seat_3674,[free],座位空闲,088,二楼自然科学图书借阅
284,seat_3650,[free],座位空闲,089,二楼自然科学图书借阅
285,seat_3676,[free],座位空闲,090,二楼自然科学图书借阅
286,seat_3651,[free],座位空闲,091,二楼自然科学图书借阅
287,seat_3677,[free],座位空闲,092,二楼自然科学图书借阅
288,seat_5774,[free],座位空闲,023,二楼自然科学图书借阅
289,seat_5795,[free],座位空闲,024,二楼自然科学图书借阅
290,seat_5839,[free],座位空闲,025,二楼自然科学图书借阅
291,seat_5860,[free],座位空闲,026,二楼自然科学图书借阅
292,seat_5840,[free],座位空闲,027,二楼自然科学图书借阅
293,seat_5861,[free],座位空闲,028,二楼自然科学图书借阅
294,seat_5841,[free],座位空闲,029,二楼自然科学图书借阅
295,seat_5862,[free],座位空闲,030,二楼自然科学图书借阅
296,seat_5842,[free],座位空闲,031,二楼自然科学图书借阅
297,seat_5863,[free],座位空闲,032,二楼自然科学图书借阅
298,seat_5902,[free],座位空闲,033,二楼自然科学图书借阅
299,seat_5923,[free],座位空闲,034,二楼自然科学图书借阅
300,seat_5903,[free],座位空闲,035,二楼自然科学图书借阅
301,seat_5924,[free],座位空闲,036,二楼自然科学图书借阅
302,seat_5904,[free],座位空闲,037,二楼自然科学图书借阅
303,seat_5925,[free],座位空闲,038,二楼自然科学图书借阅
304,seat_5905,[free],座位空闲,039,二楼自然科学图书借阅
305,seat_5926,[free],座位空闲,040,二楼自然科学图书借阅
306,seat_5965,[free],座位空闲,041,二楼自然科学图书借阅
307,seat_5986,[free],座位空闲,042,二楼自然科学图书借阅
308,seat_5966,[free],座位空闲,043,二楼自然科学图书借阅
309,seat_5987,[free],座位空闲,044,二楼自然科学图书借阅
310,seat_5967,[free],座位空闲,045,二楼自然科学图书借阅
311,seat_5988,[free],座位空闲,046,二楼自然科学图书借阅
312,seat_5968,[free],座位空闲,047,二楼自然科学图书借阅
313,seat_5989,[free],座位空闲,048,二楼自然科学图书借阅
314,seat_6028,[free],座位空闲,049,二楼自然科学图书借阅
315,seat_6049,[free],座位空闲,050,二楼自然科学图书借阅
316,seat_6029,[free],座位空闲,051,二楼自然科学图书借阅
317,seat_6050,[free],座位空闲,052,二楼自然科学图书借阅
318,seat_6030,[free],座位空闲,053,二楼自然科学图书借阅
319,seat_6051,[free],座位空闲,054,二楼自然科学图书借阅
320,seat_6031,[free],座位空闲,055,二楼自然科学图书借阅
321,seat_6052,[free],座位空闲,056,二楼自然科学图书借阅
322,seat_6091,[free],座位空闲,057,二楼自然科学图书借阅
323,seat_6112,[free],座位空闲,058,二楼自然科学图书借阅
324,seat_4767,[free],座位空闲,001,三楼社会科学图书借阅
325,seat_5710,[free],座位空闲,002,三楼社会科学图书借阅
326,seat_6092,[free],座位空闲,059,二楼自然科学图书借阅
327,seat_6113,[free],座位空闲,060,二楼自然科学图书借阅
328,seat_6093,[free],座位空闲,061,二楼自然科学图书借阅
329,seat_6114,[free],座位空闲,062,二楼自然科学图书借阅
330,seat_6094,[free],座位空闲,063,二楼自然科学图书借阅
331,seat_6115,[free],座位空闲,064,二楼自然科学图书借阅
332,seat_8571,[free],座位空闲,065,二楼自然科学图书借阅
333,seat_8572,[free],座位空闲,066,二楼自然科学图书借阅
334,seat_6138,[free],座位空闲,067,二楼自然科学图书借阅
335,seat_6159,[free],座位空闲,068,二楼自然科学图书借阅
336,seat_6140,[free],座位空闲,069,二楼自然科学图书借阅
337,seat_6161,[free],座位空闲,070,二楼自然科学图书借阅
338,seat_6141,[free],座位空闲,071,二楼自然科学图书借阅
339,seat_6162,[free],座位空闲,072,二楼自然科学图书借阅
340,seat_6142,[free],座位空闲,073,二楼自然科学图书借阅
341,seat_6163,[free],座位空闲,074,二楼自然科学图书借阅
342,seat_6143,[free],座位空闲,075,二楼自然科学图书借阅
343,seat_6164,[free],座位空闲,076,二楼自然科学图书借阅
344,seat_6144,[free],座位空闲,077,二楼自然科学图书借阅
345,seat_6165,[free],座位空闲,078,二楼自然科学图书借阅
346,seat_6145,[free],座位空闲,079,二楼自然科学图书借阅
347,seat_6166,[free],座位空闲,080,二楼自然科学图书借阅
348,seat_6147,[free],座位空闲,081,二楼自然科学图书借阅
349,seat_6168,[free],座位空闲,082,二楼自然科学图书借阅
350,seat_6148,[free],座位空闲,083,二楼自然科学图书借阅
351,seat_6169,[free],座位空闲,084,二楼自然科学图书借阅
352,seat_6149,[free],座位空闲,085,二楼自然科学图书借阅
353,seat_6170,[free],座位空闲,086,二楼自然科学图书借阅
354,seat_6150,[free],座位空闲,087,二楼自然科学图书借阅
355,seat_6171,[free],座位空闲,088,二楼自然科学图书借阅
356,seat_6151,[free],座位空闲,089,二楼自然科学图书借阅
357,seat_6172,[free],座位空闲,090,二楼自然科学图书借阅
358,seat_6152,[free],座位空闲,091,二楼自然科学图书借阅
359,seat_6173,[free],座位空闲,092,二楼自然科学图书借阅
360,seat_4813,[free],座位空闲,003,三楼社会科学图书借阅
361,seat_4836,[free],座位空闲,004,三楼社会科学图书借阅
362,seat_4768,[free],座位空闲,005,三楼社会科学图书借阅
363,seat_4791,[free],座位空闲,006,三楼社会科学图书借阅
364,seat_4814,[free],座位空闲,007,三楼社会科学图书借阅
365,seat_4837,[free],座位空闲,008,三楼社会科学图书借阅
366,seat_4770,[free],座位空闲,009,三楼社会科学图书借阅
367,seat_5711,[free],座位空闲,010,三楼社会科学图书借阅
368,seat_4816,[free],座位空闲,011,三楼社会科学图书借阅
369,seat_5712,[free],座位空闲,012,三楼社会科学图书借阅
370,seat_4771,[free],座位空闲,013,三楼社会科学图书借阅
371,seat_4794,[free],座位空闲,014,三楼社会科学图书借阅
372,seat_4817,[free],座位空闲,015,三楼社会科学图书借阅
373,seat_4840,[free],座位空闲,016,三楼社会科学图书借阅
374,seat_5713,[free],座位空闲,017,三楼社会科学图书借阅
375,seat_4796,[free],座位空闲,018,三楼社会科学图书借阅
376,seat_4819,[free],座位空闲,019,三楼社会科学图书借阅
377,seat_4842,[free],座位空闲,020,三楼社会科学图书借阅
378,seat_4774,[free],座位空闲,021,三楼社会科学图书借阅
379,seat_4797,[free],座位空闲,022,三楼社会科学图书借阅
380,seat_4820,[free],座位空闲,023,三楼社会科学图书借阅
381,seat_5709,[free],座位空闲,024,三楼社会科学图书借阅
382,seat_4878,[free],座位空闲,025,三楼社会科学图书借阅
383,seat_4901,[free],座位空闲,026,三楼社会科学图书借阅
384,seat_4879,[free],座位空闲,027,三楼社会科学图书借阅
385,seat_4902,[free],座位空闲,028,三楼社会科学图书借阅
386,seat_4880,[free],座位空闲,029,三楼社会科学图书借阅
387,seat_4903,[free],座位空闲,030,三楼社会科学图书借阅
388,seat_4881,[free],座位空闲,031,三楼社会科学图书借阅
389,seat_4904,[free],座位空闲,032,三楼社会科学图书借阅
390,seat_4947,[free],座位空闲,033,三楼社会科学图书借阅
391,seat_4970,[free],座位空闲,034,三楼社会科学图书借阅
392,seat_4948,[free],座位空闲,035,三楼社会科学图书借阅
393,seat_4971,[free],座位空闲,036,三楼社会科学图书借阅
394,seat_4949,[free],座位空闲,037,三楼社会科学图书借阅
395,seat_4972,[free],座位空闲,038,三楼社会科学图书借阅
396,seat_4950,[free],座位空闲,039,三楼社会科学图书借阅
397,seat_4973,[free],座位空闲,040,三楼社会科学图书借阅
398,seat_5016,[free],座位空闲,041,三楼社会科学图书借阅
399,seat_5039,[free],座位空闲,042,三楼社会科学图书借阅
400,seat_5017,[free],座位空闲,043,三楼社会科学图书借阅
401,seat_5040,[free],座位空闲,044,三楼社会科学图书借阅
402,seat_5018,[free],座位空闲,045,三楼社会科学图书借阅
403,seat_5041,[free],座位空闲,046,三楼社会科学图书借阅
404,seat_5019,[free],座位空闲,047,三楼社会科学图书借阅
405,seat_5042,[free],座位空闲,048,三楼社会科学图书借阅
406,seat_5085,[free],座位空闲,049,三楼社会科学图书借阅
407,seat_5108,[free],座位空闲,050,三楼社会科学图书借阅
408,seat_5086,[free],座位空闲,051,三楼社会科学图书借阅
409,seat_5109,[free],座位空闲,052,三楼社会科学图书借阅
410,seat_5087,[free],座位空闲,053,三楼社会科学图书借阅
411,seat_5110,[free],座位空闲,054,三楼社会科学图书借阅
412,seat_5088,[free],座位空闲,055,三楼社会科学图书借阅
413,seat_5111,[free],座位空闲,056,三楼社会科学图书借阅
414,seat_5154,[free],座位空闲,057,三楼社会科学图书借阅
415,seat_5177,[free],座位空闲,058,三楼社会科学图书借阅
416,seat_5155,[free],座位空闲,059,三楼社会科学图书借阅
417,seat_5178,[free],座位空闲,060,三楼社会科学图书借阅
418,seat_5156,[free],座位空闲,061,三楼社会科学图书借阅
419,seat_5179,[free],座位空闲,062,三楼社会科学图书借阅
420,seat_5157,[free],座位空闲,063,三楼社会科学图书借阅
421,seat_5180,[free],座位空闲,064,三楼社会科学图书借阅
422,seat_5228,[free],座位空闲,065,三楼社会科学图书借阅
423,seat_5251,[free],座位空闲,066,三楼社会科学图书借阅
424,seat_5229,[free],座位空闲,067,三楼社会科学图书借阅
425,seat_5252,[free],座位空闲,068,三楼社会科学图书借阅
426,seat_5231,[free],座位空闲,069,三楼社会科学图书借阅
427,seat_5254,[free],座位空闲,070,三楼社会科学图书借阅
428,seat_5232,[free],座位空闲,071,三楼社会科学图书借阅
429,seat_5255,[free],座位空闲,072,三楼社会科学图书借阅
430,seat_5234,[free],座位空闲,073,三楼社会科学图书借阅
431,seat_5257,[free],座位空闲,074,三楼社会科学图书借阅
432,seat_7152,[free],座位空闲,001,四楼图书阅览区西
433,seat_7175,[free],座位空闲,002,四楼图书阅览区西
434,seat_7198,[free],座位空闲,003,四楼图书阅览区西
435,seat_7221,[free],座位空闲,004,四楼图书阅览区西
436,seat_7222,[free],座位空闲,005,四楼图书阅览区西
437,seat_7199,[free],座位空闲,006,四楼图书阅览区西
438,seat_7176,[free],座位空闲,007,四楼图书阅览区西
439,seat_7153,[free],座位空闲,008,四楼图书阅览区西
440,seat_7155,[free],座位空闲,009,四楼图书阅览区西
441,seat_7178,[free],座位空闲,010,四楼图书阅览区西
442,seat_7201,[free],座位空闲,011,四楼图书阅览区西
443,seat_7224,[free],座位空闲,012,四楼图书阅览区西
444,seat_7225,[free],座位空闲,013,四楼图书阅览区西
445,seat_7202,[free],座位空闲,014,四楼图书阅览区西
446,seat_7179,[free],座位空闲,015,四楼图书阅览区西
447,seat_7156,[free],座位空闲,016,四楼图书阅览区西
448,seat_7158,[free],座位空闲,017,四楼图书阅览区西
449,seat_7181,[free],座位空闲,018,四楼图书阅览区西
450,seat_7204,[free],座位空闲,019,四楼图书阅览区西
451,seat_7227,[free],座位空闲,020,四楼图书阅览区西
452,seat_7228,[free],座位空闲,021,四楼图书阅览区西
453,seat_7205,[free],座位空闲,022,四楼图书阅览区西
454,seat_5235,[free],座位空闲,075,三楼社会科学图书借阅
455,seat_5258,[free],座位空闲,076,三楼社会科学图书借阅
456,seat_5237,[free],座位空闲,077,三楼社会科学图书借阅
457,seat_5260,[free],座位空闲,078,三楼社会科学图书借阅
458,seat_5238,[free],座位空闲,079,三楼社会科学图书借阅
459,seat_5261,[free],座位空闲,080,三楼社会科学图书借阅
460,seat_5240,[free],座位空闲,081,三楼社会科学图书借阅
461,seat_5263,[free],座位空闲,082,三楼社会科学图书借阅
462,seat_5241,[free],座位空闲,083,三楼社会科学图书借阅
463,seat_5264,[free],座位空闲,084,三楼社会科学图书借阅
464,seat_5243,[free],座位空闲,085,三楼社会科学图书借阅
465,seat_5266,[free],座位空闲,086,三楼社会科学图书借阅
466,seat_5244,[free],座位空闲,087,三楼社会科学图书借阅
467,seat_5267,[free],座位空闲,088,三楼社会科学图书借阅
468,seat_7182,[free],座位空闲,023,四楼图书阅览区西
469,seat_7159,[free],座位空闲,024,四楼图书阅览区西
470,seat_7265,[free],座位空闲,025,四楼图书阅览区西
471,seat_7264,[free],座位空闲,026,四楼图书阅览区西
472,seat_7263,[free],座位空闲,027,四楼图书阅览区西
473,seat_7262,[free],座位空闲,028,四楼图书阅览区西
474,seat_7285,[free],座位空闲,029,四楼图书阅览区西
475,seat_7286,[free],座位空闲,030,四楼图书阅览区西
476,seat_7287,[free],座位空闲,031,四楼图书阅览区西
477,seat_7288,[free],座位空闲,032,四楼图书阅览区西
478,seat_7334,[free],座位空闲,033,四楼图书阅览区西
479,seat_7333,[free],座位空闲,034,四楼图书阅览区西
480,seat_7332,[free],座位空闲,035,四楼图书阅览区西
481,seat_7331,[free],座位空闲,036,四楼图书阅览区西
482,seat_7354,[free],座位空闲,037,四楼图书阅览区西
483,seat_7355,[free],座位空闲,038,四楼图书阅览区西
484,seat_7356,[free],座位空闲,039,四楼图书阅览区西
485,seat_7357,[free],座位空闲,040,四楼图书阅览区西
486,seat_7403,[free],座位空闲,041,四楼图书阅览区西
487,seat_7402,[free],座位空闲,042,四楼图书阅览区西
488,seat_7401,[free],座位空闲,043,四楼图书阅览区西
489,seat_7400,[free],座位空闲,044,四楼图书阅览区西
490,seat_7423,[free],座位空闲,045,四楼图书阅览区西
491,seat_7424,[free],座位空闲,046,四楼图书阅览区西
492,seat_7425,[free],座位空闲,047,四楼图书阅览区西
493,seat_7426,[free],座位空闲,048,四楼图书阅览区西
494,seat_7472,[free],座位空闲,049,四楼图书阅览区西
495,seat_7471,[free],座位空闲,050,四楼图书阅览区西
496,seat_7470,[free],座位空闲,051,四楼图书阅览区西
497,seat_7469,[free],座位空闲,052,四楼图书阅览区西
498,seat_7492,[free],座位空闲,053,四楼图书阅览区西
499,seat_7493,[free],座位空闲,054,四楼图书阅览区西
500,seat_7494,[free],座位空闲,055,四楼图书阅览区西
501,seat_7495,[free],座位空闲,056,四楼图书阅览区西
502,seat_7541,[free],座位空闲,057,四楼图书阅览区西
503,seat_7540,[free],座位空闲,058,四楼图书阅览区西
504,seat_6714,[free],座位空闲,001,三楼社会科学图书借阅
505,seat_6734,[free],座位空闲,002,三楼社会科学图书借阅
506,seat_6754,[free],座位空闲,003,三楼社会科学图书借阅
507,seat_6774,[free],座位空闲,004,三楼社会科学图书借阅
508,seat_6715,[free],座位空闲,005,三楼社会科学图书借阅
509,seat_6735,[free],座位空闲,006,三楼社会科学图书借阅
510,seat_7539,[free],座位空闲,059,四楼图书阅览区西
511,seat_7538,[free],座位空闲,060,四楼图书阅览区西
512,seat_7561,[free],座位空闲,061,四楼图书阅览区西
513,seat_7562,[free],座位空闲,062,四楼图书阅览区西
514,seat_7563,[free],座位空闲,063,四楼图书阅览区西
515,seat_7564,[free],座位空闲,064,四楼图书阅览区西
516,seat_7612,[free],座位空闲,065,四楼图书阅览区西
517,seat_7635,[free],座位空闲,066,四楼图书阅览区西
518,seat_7636,[free],座位空闲,067,四楼图书阅览区西
519,seat_7613,[free],座位空闲,068,四楼图书阅览区西
520,seat_7615,[free],座位空闲,069,四楼图书阅览区西
521,seat_7638,[free],座位空闲,070,四楼图书阅览区西
522,seat_7639,[free],座位空闲,071,四楼图书阅览区西
523,seat_7616,[free],座位空闲,072,四楼图书阅览区西
524,seat_7618,[free],座位空闲,073,四楼图书阅览区西
525,seat_7641,[free],座位空闲,074,四楼图书阅览区西
526,seat_7642,[free],座位空闲,075,四楼图书阅览区西
527,seat_7619,[free],座位空闲,076,四楼图书阅览区西
528,seat_7621,[free],座位空闲,077,四楼图书阅览区西
529,seat_7644,[free],座位空闲,078,四楼图书阅览区西
530,seat_7645,[free],座位空闲,079,四楼图书阅览区西
531,seat_7622,[free],座位空闲,080,四楼图书阅览区西
532,seat_7624,[free],座位空闲,081,四楼图书阅览区西
533,seat_7647,[free],座位空闲,082,四楼图书阅览区西
534,seat_7648,[free],座位空闲,083,四楼图书阅览区西
535,seat_7625,[free],座位空闲,084,四楼图书阅览区西
536,seat_7627,[free],座位空闲,085,四楼图书阅览区西
537,seat_7650,[free],座位空闲,086,四楼图书阅览区西
538,seat_7651,[free],座位空闲,087,四楼图书阅览区西
539,seat_7628,[free],座位空闲,088,四楼图书阅览区西
540,seat_6755,[free],座位空闲,007,三楼社会科学图书借阅
541,seat_6775,[free],座位空闲,008,三楼社会科学图书借阅
542,seat_6717,[free],座位空闲,009,三楼社会科学图书借阅
543,seat_6737,[free],座位空闲,010,三楼社会科学图书借阅
544,seat_6757,[free],座位空闲,011,三楼社会科学图书借阅
545,seat_6777,[free],座位空闲,012,三楼社会科学图书借阅
546,seat_6718,[free],座位空闲,013,三楼社会科学图书借阅
547,seat_6738,[free],座位空闲,014,三楼社会科学图书借阅
548,seat_6758,[free],座位空闲,015,三楼社会科学图书借阅
549,seat_7658,[free],座位空闲,016,三楼社会科学图书借阅
550,seat_6720,[free],座位空闲,017,三楼社会科学图书借阅
551,seat_6740,[free],座位空闲,018,三楼社会科学图书借阅
552,seat_6760,[free],座位空闲,019,三楼社会科学图书借阅
553,seat_7653,[free],座位空闲,020,三楼社会科学图书借阅
554,seat_6721,[free],座位空闲,021,三楼社会科学图书借阅
555,seat_6741,[free],座位空闲,022,三楼社会科学图书借阅
556,seat_6761,[free],座位空闲,023,三楼社会科学图书借阅
557,seat_7657,[free],座位空闲,024,三楼社会科学图书借阅
558,seat_6823,[free],座位空闲,025,三楼社会科学图书借阅
559,seat_6843,[free],座位空闲,026,三楼社会科学图书借阅
560,seat_6824,[free],座位空闲,027,三楼社会科学图书借阅
561,seat_6844,[free],座位空闲,028,三楼社会科学图书借阅
562,seat_6825,[free],座位空闲,029,三楼社会科学图书借阅
563,seat_6845,[free],座位空闲,030,三楼社会科学图书借阅
564,seat_6826,[free],座位空闲,031,三楼社会科学图书借阅
565,seat_6846,[free],座位空闲,032,三楼社会科学图书借阅
566,seat_6883,[free],座位空闲,033,三楼社会科学图书借阅
567,seat_6903,[free],座位空闲,034,三楼社会科学图书借阅
568,seat_6884,[free],座位空闲,035,三楼社会科学图书借阅
569,seat_6904,[free],座位空闲,036,三楼社会科学图书借阅
570,seat_6885,[free],座位空闲,037,三楼社会科学图书借阅
571,seat_6905,[free],座位空闲,038,三楼社会科学图书借阅
572,seat_6886,[free],座位空闲,039,三楼社会科学图书借阅
573,seat_6906,[free],座位空闲,040,三楼社会科学图书借阅
574,seat_6943,[free],座位空闲,041,三楼社会科学图书借阅
575,seat_6963,[free],座位空闲,042,三楼社会科学图书借阅
576,seat_6944,[free],座位空闲,043,三楼社会科学图书借阅
577,seat_6964,[free],座位空闲,044,三楼社会科学图书借阅
578,seat_6945,[free],座位空闲,045,三楼社会科学图书借阅
579,seat_6965,[free],座位空闲,046,三楼社会科学图书借阅
580,seat_6946,[free],座位空闲,047,三楼社会科学图书借阅
581,seat_6966,[free],座位空闲,048,三楼社会科学图书借阅
582,seat_7003,[free],座位空闲,049,三楼社会科学图书借阅
583,seat_7023,[free],座位空闲,050,三楼社会科学图书借阅
584,seat_7004,[free],座位空闲,051,三楼社会科学图书借阅
585,seat_7024,[free],座位空闲,052,三楼社会科学图书借阅
586,seat_7005,[free],座位空闲,053,三楼社会科学图书借阅
587,seat_7025,[free],座位空闲,054,三楼社会科学图书借阅
588,seat_7006,[free],座位空闲,055,三楼社会科学图书借阅
589,seat_7026,[free],座位空闲,056,三楼社会科学图书借阅
590,seat_7063,[free],座位空闲,057,三楼社会科学图书借阅
591,seat_7083,[free],座位空闲,058,三楼社会科学图书借阅
592,seat_7064,[free],座位空闲,059,三楼社会科学图书借阅
593,seat_7084,[free],座位空闲,060,三楼社会科学图书借阅
594,seat_7065,[free],座位空闲,061,三楼社会科学图书借阅
595,seat_7085,[free],座位空闲,062,三楼社会科学图书借阅
596,seat_7066,[free],座位空闲,063,三楼社会科学图书借阅
597,seat_7086,[free],座位空闲,064,三楼社会科学图书借阅
598,seat_7121,[free],座位空闲,065,三楼社会科学图书借阅
599,seat_7141,[free],座位空闲,066,三楼社会科学图书借阅
600,seat_7120,[free],座位空闲,067,三楼社会科学图书借阅
601,seat_7140,[free],座位空闲,068,三楼社会科学图书借阅
602,seat_7118,[free],座位空闲,069,三楼社会科学图书借阅
603,seat_7138,[free],座位空闲,070,三楼社会科学图书借阅
604,seat_7117,[free],座位空闲,071,三楼社会科学图书借阅
605,seat_7137,[free],座位空闲,072,三楼社会科学图书借阅
606,seat_7115,[free],座位空闲,073,三楼社会科学图书借阅
607,seat_7135,[free],座位空闲,074,三楼社会科学图书借阅
608,seat_7114,[free],座位空闲,075,三楼社会科学图书借阅
609,seat_7134,[free],座位空闲,076,三楼社会科学图书借阅
610,seat_7112,[free],座位空闲,077,三楼社会科学图书借阅
611,seat_7132,[free],座位空闲,078,三楼社会科学图书借阅
612,seat_7664,[free],座位空闲,001,四楼图书阅览区东
613,seat_7682,[free],座位空闲,002,四楼图书阅览区东
614,seat_7700,[free],座位空闲,003,四楼图书阅览区东
615,seat_7718,[free],座位空闲,004,四楼图书阅览区东
616,seat_7719,[free],座位空闲,005,四楼图书阅览区东
617,seat_7701,[free],座位空闲,006,四楼图书阅览区东
618,seat_7683,[free],座位空闲,007,四楼图书阅览区东
619,seat_7665,[free],座位空闲,008,四楼图书阅览区东
620,seat_7667,[free],座位空闲,009,四楼图书阅览区东
621,seat_7685,[free],座位空闲,010,四楼图书阅览区东
622,seat_7703,[free],座位空闲,011,四楼图书阅览区东
623,seat_7721,[free],座位空闲,012,四楼图书阅览区东
624,seat_7722,[free],座位空闲,013,四楼图书阅览区东
625,seat_7704,[free],座位空闲,014,四楼图书阅览区东
626,seat_7686,[free],座位空闲,015,四楼图书阅览区东
627,seat_7668,[free],座位空闲,016,四楼图书阅览区东
628,seat_7670,[free],座位空闲,017,四楼图书阅览区东
629,seat_7688,[free],座位空闲,018,四楼图书阅览区东
630,seat_7706,[free],座位空闲,019,四楼图书阅览区东
631,seat_7724,[free],座位空闲,020,四楼图书阅览区东
632,seat_7725,[free],座位空闲,021,四楼图书阅览区东
633,seat_8056,[free],座位空闲,022,四楼图书阅览区东
634,seat_7689,[free],座位空闲,023,四楼图书阅览区东
635,seat_7671,[free],座位空闲,024,四楼图书阅览区东
636,seat_7763,[free],座位空闲,025,四楼图书阅览区东
637,seat_7764,[free],座位空闲,026,四楼图书阅览区东
638,seat_7765,[free],座位空闲,027,四楼图书阅览区东
639,seat_8060,[free],座位空闲,028,四楼图书阅览区东
640,seat_7784,[free],座位空闲,029,四楼图书阅览区东
641,seat_7783,[free],座位空闲,030,四楼图书阅览区东
642,seat_7111,[free],座位空闲,079,三楼社会科学图书借阅
643,seat_7131,[free],座位空闲,080,三楼社会科学图书借阅
644,seat_7109,[free],座位空闲,081,三楼社会科学图书借阅
645,seat_7129,[free],座位空闲,082,三楼社会科学图书借阅
646,seat_7108,[free],座位空闲,083,三楼社会科学图书借阅
647,seat_7128,[free],座位空闲,084,三楼社会科学图书借阅
648,seat_7782,[free],座位空闲,031,四楼图书阅览区东
649,seat_7781,[free],座位空闲,032,四楼图书阅览区东
650,seat_7817,[free],座位空闲,033,四楼图书阅览区东
651,seat_7818,[free],座位空闲,034,四楼图书阅览区东
652,seat_7819,[free],座位空闲,035,四楼图书阅览区东
653,seat_8061,[free],座位空闲,036,四楼图书阅览区东
654,seat_7838,[free],座位空闲,037,四楼图书阅览区东
655,seat_7837,[free],座位空闲,038,四楼图书阅览区东
656,seat_7836,[free],座位空闲,039,四楼图书阅览区东
657,seat_7835,[free],座位空闲,040,四楼图书阅览区东
658,seat_7871,[free],座位空闲,041,四楼图书阅览区东
659,seat_7872,[free],座位空闲,042,四楼图书阅览区东
660,seat_7873,[free],座位空闲,043,四楼图书阅览区东
661,seat_8062,[free],座位空闲,044,四楼图书阅览区东
662,seat_7892,[free],座位空闲,045,四楼图书阅览区东
663,seat_7891,[free],座位空闲,046,四楼图书阅览区东
664,seat_7890,[free],座位空闲,047,四楼图书阅览区东
665,seat_7889,[free],座位空闲,048,四楼图书阅览区东
666,seat_7925,[free],座位空闲,049,四楼图书阅览区东
667,seat_7926,[free],座位空闲,050,四楼图书阅览区东
668,seat_7927,[free],座位空闲,051,四楼图书阅览区东
669,seat_8063,[free],座位空闲,052,四楼图书阅览区东
670,seat_7946,[free],座位空闲,053,四楼图书阅览区东
671,seat_7945,[free],座位空闲,054,四楼图书阅览区东
672,seat_7944,[free],座位空闲,055,四楼图书阅览区东
673,seat_7943,[free],座位空闲,056,四楼图书阅览区东
674,seat_7979,[free],座位空闲,057,四楼图书阅览区东
675,seat_7980,[free],座位空闲,058,四楼图书阅览区东
676,seat_7981,[free],座位空闲,059,四楼图书阅览区东
677,seat_8064,[free],座位空闲,060,四楼图书阅览区东
678,seat_8055,[free],座位空闲,061,四楼图书阅览区东
679,seat_7999,[free],座位空闲,062,四楼图书阅览区东
680,seat_7998,[free],座位空闲,063,四楼图书阅览区东
681,seat_7997,[free],座位空闲,064,四楼图书阅览区东
682,seat_8030,[free],座位空闲,065,四楼图书阅览区东
683,seat_8048,[free],座位空闲,066,四楼图书阅览区东
684,seat_9512,[free],座位空闲,001,三楼自主学习区
685,seat_9510,[free],座位空闲,002,三楼自主学习区
686,seat_8988,[free],座位空闲,003,三楼自主学习区
687,seat_8948,[free],座位空闲,004,三楼自主学习区
688,seat_9513,[free],座位空闲,005,三楼自主学习区
689,seat_9511,[free],座位空闲,006,三楼自主学习区
690,seat_8989,[free],座位空闲,007,三楼自主学习区
691,seat_8949,[free],座位空闲,008,三楼自主学习区
692,seat_9545,[free],座位空闲,009,三楼自主学习区
693,seat_9543,[free],座位空闲,010,三楼自主学习区
694,seat_9521,[free],座位空闲,011,三楼自主学习区
695,seat_9520,[free],座位空闲,012,三楼自主学习区
696,seat_9519,[free],座位空闲,013,三楼自主学习区
697,seat_9518,[free],座位空闲,014,三楼自主学习区
698,seat_9546,[free],座位空闲,015,三楼自主学习区
699,seat_9544,[free],座位空闲,016,三楼自主学习区
700,seat_8708,[free],座位空闲,017,三楼自主学习区
701,seat_8668,[free],座位空闲,018,三楼自主学习区
702,seat_8628,[free],座位空闲,019,三楼自主学习区
703,seat_8588,[free],座位空闲,020,三楼自主学习区
704,seat_9516,[free],座位空闲,021,三楼自主学习区
705,seat_9514,[free],座位空闲,022,三楼自主学习区
706,seat_8047,[free],座位空闲,067,四楼图书阅览区东
707,seat_8029,[free],座位空闲,068,四楼图书阅览区东
708,seat_8027,[free],座位空闲,069,四楼图书阅览区东
709,seat_8045,[free],座位空闲,070,四楼图书阅览区东
710,seat_8044,[free],座位空闲,071,四楼图书阅览区东
711,seat_8026,[free],座位空闲,072,四楼图书阅览区东
712,seat_8024,[free],座位空闲,073,四楼图书阅览区东
713,seat_8042,[free],座位空闲,074,四楼图书阅览区东
714,seat_8041,[free],座位空闲,075,四楼图书阅览区东
715,seat_8023,[free],座位空闲,076,四楼图书阅览区东
716,seat_8021,[free],座位空闲,077,四楼图书阅览区东
717,seat_8039,[free],座位空闲,078,四楼图书阅览区东
718,seat_8038,[free],座位空闲,079,四楼图书阅览区东
719,seat_8020,[free],座位空闲,080,四楼图书阅览区东
720,seat_8991,[free],座位空闲,023,三楼自主学习区
721,seat_8951,[free],座位空闲,024,三楼自主学习区
722,seat_9517,[free],座位空闲,025,三楼自主学习区
723,seat_9515,[free],座位空闲,026,三楼自主学习区
724,seat_8992,[free],座位空闲,027,三楼自主学习区
725,seat_8952,[free],座位空闲,028,三楼自主学习区
726,seat_9549,[free],座位空闲,029,三楼自主学习区
727,seat_9547,[free],座位空闲,030,三楼自主学习区
728,seat_9525,[free],座位空闲,031,三楼自主学习区
729,seat_9524,[free],座位空闲,032,三楼自主学习区
730,seat_9523,[free],座位空闲,033,三楼自主学习区
731,seat_9522,[free],座位空闲,034,三楼自主学习区
732,seat_9550,[free],座位空闲,035,三楼自主学习区
733,seat_9548,[free],座位空闲,036,三楼自主学习区
734,seat_8711,[free],座位空闲,037,三楼自主学习区
735,seat_8671,[free],座位空闲,038,三楼自主学习区
736,seat_8631,[free],座位空闲,039,三楼自主学习区
737,seat_8591,[free],座位空闲,040,三楼自主学习区
738,seat_9526,[free],座位空闲,041,三楼自主学习区
739,seat_9528,[free],座位空闲,042,三楼自主学习区
740,seat_9530,[free],座位空闲,043,三楼自主学习区
741,seat_9532,[free],座位空闲,044,三楼自主学习区
742,seat_9527,[free],座位空闲,045,三楼自主学习区
743,seat_9529,[free],座位空闲,046,三楼自主学习区
744,seat_9531,[free],座位空闲,047,三楼自主学习区
745,seat_9533,[free],座位空闲,048,三楼自主学习区
746,seat_8596,[free],座位空闲,049,三楼自主学习区
747,seat_8636,[free],座位空闲,050,三楼自主学习区
748,seat_8676,[free],座位空闲,051,三楼自主学习区
749,seat_8716,[free],座位空闲,052,三楼自主学习区
750,seat_8756,[free],座位空闲,053,三楼自主学习区
751,seat_8796,[free],座位空闲,054,三楼自主学习区
752,seat_9107,[free],座位空闲,055,三楼自主学习区
753,seat_8637,[free],座位空闲,056,三楼自主学习区
754,seat_8677,[free],座位空闲,057,三楼自主学习区
755,seat_8717,[free],座位空闲,058,三楼自主学习区
756,seat_9108,[free],座位空闲,059,三楼自主学习区
757,seat_8797,[free],座位空闲,060,三楼自主学习区
758,seat_8599,[free],座位空闲,061,三楼自主学习区
759,seat_8639,[free],座位空闲,062,三楼自主学习区
760,seat_8679,[free],座位空闲,063,三楼自主学习区
761,seat_8719,[free],座位空闲,064,三楼自主学习区
762,seat_8759,[free],座位空闲,065,三楼自主学习区
763,seat_8799,[free],座位空闲,066,三楼自主学习区
764,seat_8600,[free],座位空闲,067,三楼自主学习区
765,seat_8640,[free],座位空闲,068,三楼自主学习区
766,seat_8680,[free],座位空闲,069,三楼自主学习区
767,seat_8720,[free],座位空闲,070,三楼自主学习区
768,seat_8760,[free],座位空闲,071,三楼自主学习区
769,seat_9109,[free],座位空闲,072,三楼自主学习区
770,seat_8602,[free],座位空闲,073,三楼自主学习区
771,seat_8642,[free],座位空闲,074,三楼自主学习区
772,seat_8682,[free],座位空闲,075,三楼自主学习区
773,seat_8722,[free],座位空闲,076,三楼自主学习区
774,seat_8762,[free],座位空闲,077,三楼自主学习区
775,seat_8802,[free],座位空闲,078,三楼自主学习区
776,seat_8603,[free],座位空闲,079,三楼自主学习区
777,seat_8643,[free],座位空闲,080,三楼自主学习区
778,seat_8683,[free],座位空闲,081,三楼自主学习区
779,seat_8723,[free],座位空闲,082,三楼自主学习区
780,seat_8763,[free],座位空闲,083,三楼自主学习区
781,seat_8803,[free],座位空闲,084,三楼自主学习区
782,seat_8605,[free],座位空闲,085,三楼自主学习区
783,seat_8645,[free],座位空闲,086,三楼自主学习区
784,seat_8685,[free],座位空闲,087,三楼自主学习区
785,seat_8725,[free],座位空闲,088,三楼自主学习区
786,seat_8765,[free],座位空闲,089,三楼自主学习区
787,seat_8805,[free],座位空闲,090,三楼自主学习区
788,seat_8606,[free],座位空闲,091,三楼自主学习区
789,seat_8646,[free],座位空闲,092,三楼自主学习区
790,seat_8686,[free],座位空闲,093,三楼自主学习区
791,seat_8726,[free],座位空闲,094,三楼自主学习区
792,seat_8766,[free],座位空闲,095,三楼自主学习区
793,seat_9110,[free],座位空闲,096,三楼自主学习区
794,seat_8608,[free],座位空闲,097,三楼自主学习区
795,seat_8648,[free],座位空闲,098,三楼自主学习区
796,seat_8688,[free],座位空闲,099,三楼自主学习区
797,seat_8728,[free],座位空闲,100,三楼自主学习区
798,seat_8768,[free],座位空闲,101,三楼自主学习区
799,seat_8808,[free],座位空闲,102,三楼自主学习区
800,seat_8609,[free],座位空闲,103,三楼自主学习区
801,seat_8649,[free],座位空闲,104,三楼自主学习区
802,seat_8689,[free],座位空闲,105,三楼自主学习区
803,seat_8729,[free],座位空闲,106,三楼自主学习区
804,seat_8769,[free],座位空闲,107,三楼自主学习区
805,seat_9111,[free],座位空闲,108,三楼自主学习区
806,seat_8611,[free],座位空闲,109,三楼自主学习区
807,seat_8651,[free],座位空闲,110,三楼自主学习区
808,seat_8691,[free],座位空闲,111,三楼自主学习区
809,seat_8731,[free],座位空闲,112,三楼自主学习区
810,seat_8771,[free],座位空闲,113,三楼自主学习区
811,seat_8811,[free],座位空闲,114,三楼自主学习区
812,seat_8612,[free],座位空闲,115,三楼自主学习区
813,seat_8652,[free],座位空闲,116,三楼自主学习区
814,seat_8692,[free],座位空闲,117,三楼自主学习区
815,seat_8732,[free],座位空闲,118,三楼自主学习区
816,seat_8772,[free],座位空闲,119,三楼自主学习区
817,seat_8812,[free],座位空闲,120,三楼自主学习区
818,seat_8614,[free],座位空闲,121,三楼自主学习区
819,seat_8654,[free],座位空闲,122,三楼自主学习区
820,seat_8694,[free],座位空闲,123,三楼自主学习区
821,seat_8734,[free],座位空闲,124,三楼自主学习区
822,seat_8774,[free],座位空闲,125,三楼自主学习区
823,seat_8814,[free],座位空闲,126,三楼自主学习区
824,seat_8615,[free],座位空闲,127,三楼自主学习区
825,seat_8655,[free],座位空闲,128,三楼自主学习区
826,seat_8695,[free],座位空闲,129,三楼自主学习区
827,seat_8735,[free],座位空闲,130,三楼自主学习区
828,seat_8775,[free],座位空闲,131,三楼自主学习区
829,seat_9112,[free],座位空闲,132,三楼自主学习区
830,seat_8617,[free],座位空闲,133,三楼自主学习区
831,seat_8657,[free],座位空闲,134,三楼自主学习区
832,seat_8697,[free],座位空闲,135,三楼自主学习区
833,seat_8737,[free],座位空闲,136,三楼自主学习区
834,seat_8777,[free],座位空闲,137,三楼自主学习区
835,seat_8817,[free],座位空闲,138,三楼自主学习区
836,seat_8618,[free],座位空闲,139,三楼自主学习区
837,seat_8658,[free],座位空闲,140,三楼自主学习区
838,seat_8698,[free],座位空闲,141,三楼自主学习区
839,seat_8738,[free],座位空闲,142,三楼自主学习区
840,seat_8778,[free],座位空闲,143,三楼自主学习区
841,seat_9113,[free],座位空闲,144,三楼自主学习区
842,seat_8620,[free],座位空闲,145,三楼自主学习区
843,seat_8660,[free],座位空闲,146,三楼自主学习区
844,seat_8700,[free],座位空闲,147,三楼自主学习区
845,seat_8740,[free],座位空闲,148,三楼自主学习区
846,seat_8780,[free],座位空闲,149,三楼自主学习区
847,seat_8820,[free],座位空闲,150,三楼自主学习区
848,seat_8621,[free],座位空闲,151,三楼自主学习区
849,seat_9114,[free],座位空闲,152,三楼自主学习区
850,seat_8701,[free],座位空闲,153,三楼自主学习区
851,seat_9534,[free],座位空闲,154,三楼自主学习区
852,seat_9116,[free],座位空闲,155,三楼自主学习区
853,seat_9117,[free],座位空闲,156,三楼自主学习区
854,seat_9122,[free],座位空闲,157,三楼自主学习区
855,seat_9123,[free],座位空闲,158,三楼自主学习区
856,seat_8664,[free],座位空闲,159,三楼自主学习区
857,seat_9121,[free],座位空闲,160,三楼自主学习区
858,seat_9119,[free],座位空闲,161,三楼自主学习区
859,seat_9120,[free],座位空闲,162,三楼自主学习区
860,seat_9118,[free],座位空闲,163,三楼自主学习区
861,seat_8706,[free],座位空闲,164,三楼自主学习区
862,seat_9537,[free],座位空闲,165,三楼自主学习区
863,seat_9538,[free],座位空闲,166,三楼自主学习区
864,seat_9156,[free],座位空闲,001,3C创客-电子资源阅
865,seat_9157,[free],座位空闲,002,3C创客-电子资源阅
866,seat_9158,[free],座位空闲,003,3C创客-电子资源阅
867,seat_9159,[free],座位空闲,004,3C创客-电子资源阅
868,seat_9160,[free],座位空闲,005,3C创客-电子资源阅
869,seat_9170,[free],座位空闲,006,3C创客-电子资源阅
870,seat_9171,[free],座位空闲,007,3C创客-电子资源阅
871,seat_9172,[free],座位空闲,008,3C创客-电子资源阅
872,seat_9173,[free],座位空闲,009,3C创客-电子资源阅
873,seat_9174,[free],座位空闲,010,3C创客-电子资源阅
874,seat_9163,[free],座位空闲,011,3C创客-电子资源阅
875,seat_9164,[free],座位空闲,012,3C创客-电子资源阅
876,seat_9165,[free],座位空闲,013,3C创客-电子资源阅
877,seat_9166,[free],座位空闲,014,3C创客-电子资源阅
878,seat_9536,[free],座位空闲,167,三楼自主学习区
879,seat_9535,[free],座位空闲,168,三楼自主学习区
880,seat_8903,[free],座位空闲,169,三楼自主学习区
881,seat_8943,[free],座位空闲,170,三楼自主学习区
882,seat_8904,[free],座位空闲,171,三楼自主学习区
883,seat_8944,[free],座位空闲,172,三楼自主学习区
884,seat_8905,[free],座位空闲,173,三楼自主学习区
885,seat_8945,[free],座位空闲,174,三楼自主学习区
886,seat_8906,[free],座位空闲,175,三楼自主学习区
887,seat_8946,[free],座位空闲,176,三楼自主学习区
888,seat_9541,[free],座位空闲,177,三楼自主学习区
889,seat_9542,[free],座位空闲,178,三楼自主学习区
890,seat_9539,[free],座位空闲,179,三楼自主学习区
891,seat_9540,[free],座位空闲,180,三楼自主学习区
892,seat_9130,[free],座位空闲,181,三楼自主学习区
893,seat_9063,[free],座位空闲,182,三楼自主学习区
894,seat_9024,[free],座位空闲,183,三楼自主学习区
895,seat_9064,[free],座位空闲,184,三楼自主学习区
896,seat_9025,[free],座位空闲,185,三楼自主学习区
897,seat_9065,[free],座位空闲,186,三楼自主学习区
898,seat_9026,[free],座位空闲,187,三楼自主学习区
899,seat_9066,[free],座位空闲,188,三楼自主学习区
900,seat_9209,[free],座位空闲,001,创新学习-MAC电脑
901,seat_9183,[free],座位空闲,001,3C创客-双屏电脑（
902,seat_9225,[free],座位空闲,002,创新学习-MAC电脑
903,seat_9184,[free],座位空闲,002,3C创客-双屏电脑（
904,seat_9185,[free],座位空闲,003,3C创客-双屏电脑（
905,seat_9211,[free],座位空闲,003,创新学习-MAC电脑
906,seat_9186,[free],座位空闲,004,3C创客-双屏电脑（
907,seat_9284,[free],座位空闲,004,创新学习-MAC电脑
908,seat_9233,[free],座位空闲,005,创新学习-MAC电脑
909,seat_9187,[free],座位空闲,005,3C创客-双屏电脑（
910,seat_9219,[free],座位空闲,006,创新学习-MAC电脑
911,seat_9195,[free],座位空闲,006,3C创客-双屏电脑（
912,seat_9273,[free],座位空闲,007,创新学习-MAC电脑
913,seat_9196,[free],座位空闲,007,3C创客-双屏电脑（
914,seat_9259,[free],座位空闲,008,创新学习-MAC电脑
915,seat_9197,[free],座位空闲,008,3C创客-双屏电脑（
916,seat_9198,[free],座位空闲,009,3C创客-双屏电脑（
917,seat_9275,[free],座位空闲,009,创新学习-MAC电脑
918,seat_9281,[free],座位空闲,010,创新学习-MAC电脑
919,seat_9208,[free],座位空闲,010,3C创客-双屏电脑（
920,seat_9190,[free],座位空闲,011,3C创客-双屏电脑（
921,seat_9191,[free],座位空闲,012,3C创客-双屏电脑（
922,seat_9192,[free],座位空闲,013,3C创客-双屏电脑（
923,seat_9193,[free],座位空闲,014,3C创客-双屏电脑（
924,seat_9194,[free],座位空闲,015,3C创客-双屏电脑（
925,seat_9167,[free],座位空闲,015,3C创客-电子资源阅
926,seat_9202,[free],座位空闲,016,3C创客-双屏电脑（
927,seat_9177,[free],座位空闲,016,3C创客-电子资源阅
928,seat_9203,[free],座位空闲,017,3C创客-双屏电脑（
929,seat_9178,[free],座位空闲,017,3C创客-电子资源阅
930,seat_9179,[free],座位空闲,018,3C创客-电子资源阅
931,seat_9204,[free],座位空闲,018,3C创客-双屏电脑（
932,seat_9180,[free],座位空闲,019,3C创客-电子资源阅
933,seat_9205,[free],座位空闲,019,3C创客-双屏电脑（
934,seat_9181,[free],座位空闲,020,3C创客-电子资源阅
935,seat_9206,[free],座位空闲,020,3C创客-双屏电脑（
936,seat_9394,[free],座位空闲,001,创新学习-云桌面（4
937,seat_9388,[free],座位空闲,002,创新学习-云桌面（4
938,seat_9396,[free],座位空闲,003,创新学习-云桌面（4
939,seat_9390,[free],座位空闲,004,创新学习-云桌面（4
940,seat_9506,[free],座位空闲,005,创新学习-云桌面（4
941,seat_9392,[free],座位空闲,006,创新学习-云桌面（4
942,seat_9400,[free],座位空闲,007,创新学习-云桌面（4
943,seat_9421,[free],座位空闲,008,创新学习-云桌面（4
944,seat_9413,[free],座位空闲,009,创新学习-云桌面（4
945,seat_9419,[free],座位空闲,010,创新学习-云桌面（4
946,seat_9411,[free],座位空闲,011,创新学习-云桌面（4
947,seat_9267,[free],座位空闲,011,创新学习-MAC电脑
948,seat_9283,[free],座位空闲,012,创新学习-MAC电脑
949,seat_9417,[free],座位空闲,012,创新学习-云桌面（4
950,seat_9409,[free],座位空闲,013,创新学习-云桌面（4
951,seat_9415,[free],座位空闲,014,创新学习-云桌面（4
952,seat_9436,[free],座位空闲,015,创新学习-云桌面（4
953,seat_9430,[free],座位空闲,016,创新学习-云桌面（4
954,seat_9438,[free],座位空闲,017,创新学习-云桌面（4
955,seat_9432,[free],座位空闲,018,创新学习-云桌面（4
956,seat_9440,[free],座位空闲,019,创新学习-云桌面（4
957,seat_9434,[free],座位空闲,020,创新学习-云桌面（4
958,seat_9442,[free],座位空闲,021,创新学习-云桌面（4
959,seat_9463,[free],座位空闲,022,创新学习-云桌面（4
960,seat_9507,[free],座位空闲,023,创新学习-云桌面（4
961,seat_9461,[free],座位空闲,024,创新学习-云桌面（4
962,seat_9453,[free],座位空闲,025,创新学习-云桌面（4
963,seat_9459,[free],座位空闲,026,创新学习-云桌面（4
964,seat_9451,[free],座位空闲,027,创新学习-云桌面（4
965,seat_9457,[free],座位空闲,028,创新学习-云桌面（4
966,seat_9478,[free],座位空闲,029,创新学习-云桌面（4
967,seat_9472,[free],座位空闲,030,创新学习-云桌面（4
968,seat_9480,[free],座位空闲,031,创新学习-云桌面（4
969,seat_9509,[free],座位空闲,032,创新学习-云桌面（4
970,seat_9482,[free],座位空闲,033,创新学习-云桌面（4
971,seat_9508,[free],座位空闲,034,创新学习-云桌面（4
972,seat_9484,[free],座位空闲,035,创新学习-云桌面（4
973,seat_9505,[free],座位空闲,036,创新学习-云桌面（4
974,seat_9497,[free],座位空闲,037,创新学习-云桌面（4
975,seat_9503,[free],座位空闲,038,创新学习-云桌面（4
976,seat_9495,[free],座位空闲,039,创新学习-云桌面（4
977,seat_9501,[free],座位空闲,040,创新学习-云桌面（4
978,seat_9493,[free],座位空闲,041,创新学习-云桌面（4
979,seat_9499,[free],座位空闲,042,创新学习-云桌面（4
